0,A Clockwork Orange,1971,21,78,1,tt0066921
1,Carrie,2013,21,78,0,tt1939659
2,Wild Bill,1995,21,78,,tt0114938
3,No Country for Old Men,2007,21,78,,tt0477348
4,Prom Night,1980,21,78,,tt0081383
5,Magnum Force,1973,21,78,,tt0070355
6,Ouija,2014,21,78,,tt1204977
7,All the Boys Love Mandy Lane,2006,21,78,,tt0490076
8,"O Brother, Where Art Thou?",2000,21,78,,tt0190590
9,Frances,1982,21,78,,tt0083967
10,Fracture,2007,21,78,,tt0488120
11,Foxcatcher,2014,21,78,,tt1100089
12,Jumpin' Jack Flash,1986,21,78,,tt0091306
13,Four Rooms,1995,21,78,,tt0113101
14,50/50,2011,21,78,,tt1306980
15,Thir13en Ghosts,2001,21,78,,tt0245674
16,Body of Lies,2008,21,78,,tt0758774
17,1492: Conquest of Paradise,1992,21,78,,tt0103594
18,Mr. Smith Goes to Washington,1939,21,78,,tt0031679
19,Taken 2,2012,21,78,,tt1397280
20,"Monsters, Inc.",2001,21,78,,tt0198781
21,The Family Man,2000,21,78,,tt0218967
22,Lawless,2012,21,78,,tt1212450
23,Fantastic Mr. Fox,2009,21,78,,tt0432283
24,Fargo,1996,21,78,,tt0116282
25,Fantastic Four,2005,21,78,,tt0120667
26,The Grapes of Wrath,1940,21,78,,tt0032551
27,Grand Theft Parsons,2003,21,78,,tt0338075
28,Gravity,2013,21,78,,tt1454468
29,Beauty and the Beast,1991,21,78,,tt0101414
30,Let Me In,2010,21,78,,tt1228987
31,Two Night Stand,2014,21,78,,tt2140619
32,Conan the Barbarian,2011,21,78,,tt0816462
33,Possession,2002,21,78,,tt0256276
34,The Poseidon Adventure,1972,21,78,,tt0069113
35,Color of Night,1994,21,78,,tt0109456
36,The Prestige,2006,21,78,,tt0482571
37,Colombiana,2011,21,78,,tt1657507
38,Love & Other Drugs,2010,21,78,,tt0758752
39,Monster House,2006,21,78,,tt0385880
40,Running Scared,1986,21,78,,tt0091875
41,End of Days,1999,21,78,,tt0146675
42,Thelma & Louise,1991,21,78,,tt0103074
43,The Terminator,1984,21,78,,tt0088247
44,Critters 2,1988,21,78,,tt0094919
45,Terminator Salvation,2009,21,78,,tt0438488
46,Juno,2007,21,78,,tt0467406
47,Judge Dredd,1995,21,78,,tt0113492
48,JFK,1991,21,78,,tt0102138
49,Chasing Amy,1997,21,78,,tt0118842
50,Vantage Point,2008,21,78,,tt0443274
51,Chasing Sleep,2000,21,78,,tt0221069
52,Resident Evil,2002,21,78,,tt0120804
53,The Village,2004,21,78,,tt0368447
54,Reservoir Dogs,1992,21,78,,tt0105236
55,The Rescuers Down Under,1990,21,78,,tt0100477
56,Vicky Cristina Barcelona,2008,21,78,,tt0497465
57,Chinatown,1974,21,78,,tt0071315
58,American Hustle,2013,21,78,,tt1800241
59,Revolutionary Road,2008,21,78,,tt0959337
60,Elizabethtown,2005,21,78,,tt0368709
61,Ed Wood,1994,21,78,,tt0109707
62,Master and Commander: The Far Side of the World,2003,21,78,,tt0311113
63,The Master,2012,21,78,,tt1560747
64,3 Women,1977,21,78,,tt0075612
65,Thor,2011,21,78,,tt0800369
66,Please Give,2010,21,78,,tt0878835
67,Next,2007,21,78,,tt0435705
68,Nightcrawler,2014,21,78,,tt2872718
69,Single White Female,1992,21,78,,tt0105414
70,Pawn Sacrifice,2014,21,78,,tt1596345
71,A Nightmare on Elm Street,1984,21,78,,tt0087800
72,Basic,2003,21,78,,tt0264395
73,The General's Daughter,1999,21,78,,tt0144214
74,The Mummy,1999,21,78,,tt0120616
75,eXistenZ,1999,21,78,,tt0120907
76,Duel,1971,21,78,,tt0067023
77,Fun with Dick and Jane,2005,21,78,,tt0369441
78,Snow Angels,2007,21,78,,tt0453548
79,My Best Friend's Wedding,1997,21,78,,tt0119738
80,My Girl,1991,21,78,,tt0102492
81,Hunchback of Notre Dame,1996,21,78,,tt0116583
82,The Fast and the Furious,2001,21,78,,tt0232500
83,The Blair Witch Project,1999,21,78,,tt0185937
84,The Jungle Book,1967,21,78,,tt0061852
85,RocknRolla,2008,21,78,,tt1032755
86,Rocky,1976,21,78,,tt0075148
87,Ronin,1998,21,78,,tt0122690
88,Romeo & Juliet,2013,21,78,,tt1645131
89,The Rocky Horror Picture Show,1975,21,78,,tt0073629
90,Robin Hood: Prince of Thieves,1991,21,78,,tt0102798
91,The Rock,1996,21,78,,tt0117500
92,Brokeback Mountain,2005,21,78,,tt0388795
93,Before Sunrise,1995,21,78,,tt0112471
94,Kicking and Screaming,1995,21,78,,tt0113537
95,Aladdin,1992,21,78,,tt0103639
96,Alien,1979,21,78,,tt0078748
97,Annie Hall,1977,21,78,,tt0075686
98,South Park: Bigger Longer & Uncut,1999,21,78,,tt0158983
99,Dune,1984,21,78,,tt0087182
100,Kingdom of Heaven,2005,21,78,,tt0320661
101,Calvary,2014,21,78,,tt2234003
102,A Most Wanted Man,2014,21,78,,tt1972571
103,Star Wars: Episode I - The Phantom Menace,1999,21,78,,tt0120915
104,Christmas Vacation,1989,21,78,,tt0097958
105,Dope,2015,21,78,,tt3850214
106,Serpico,1973,21,78,,tt0070666
107,The Girl with the Dragon Tattoo,2011,21,78,,tt1568346
108,Searching for Bobby Fischer,1993,21,78,,tt0108065
109,Peeping Tom,1960,21,78,,tt0054167
110,A Civil Action,1998,21,78,,tt0120633
111,The Human Stain,2003,21,78,,tt0308383
112,The Howling,1981,21,78,,tt0082533
113,Red Rock West,1993,21,78,,tt0105226
114,Collateral,2004,21,78,,tt0369339
115,Starman,1984,21,78,,tt0088172
116,The Sting,1973,21,78,,tt0070735
117,Stir of Echoes,1999,21,78,,tt0164181
118,Modern Problems,1981,21,78,,tt0082763
119,Maria Full of Grace,2004,21,78,,tt0390221
120,My Big Fat Greek Wedding,2002,21,78,,tt0259446
121,American Shaolin,1991,21,78,,tt0101327
122,An American Werewolf in Paris,1997,21,78,,tt0118604
123,The Cocoanuts,1929,21,78,,tt0019777
124,Coal Miner's Daughter,1980,21,78,,tt0080549
125,The Company Men,2010,21,78,,tt1172991
126,Crazylove,2005,21,78,,tt0416658
127,Conspiracy Theory,1997,21,78,,tt0118883
128,Conquest of the Planet of the Apes,1972,21,78,,tt0068408
129,Safe House,2012,21,78,,tt1599348
130,Spy Game,2001,21,78,,tt0266987
131,La Bamba,1987,21,78,,tt0093378
132,She Wore a Yellow Ribbon,1949,21,78,,tt0041866
133,King Kong,1933,21,78,,tt0024216
134,An Officer and a Gentleman,1982,21,78,,tt0084434
135,Predator,1987,21,78,,tt0093773
136,The Grey,2011,21,78,,tt1601913
137,Grindhouse,2007,21,78,,tt0462322
138,Raising Arizona,1987,21,78,,tt0093822
139,Exorcist: The Beginning,2004,21,78,,tt0204313
140,Nowhere Boy,2009,21,78,,tt1266029
141,Flight,2012,21,78,,tt1907668
142,Nothing But a Man,1964,21,78,,tt0058414
143,Now and Then,1995,21,78,,tt0114011
144,City of God,2002,21,78,,tt0317248
145,Children of the Corn,1984,21,78,,tt0087050
146,Ravenous,1999,21,78,,tt0129332
147,The Wrestler,2008,21,78,,tt1125849
148,The World Is Not Enough,1999,21,78,,tt0143145
149,The Woodsman,2004,21,78,,tt0361127
150,Wonder Boys,2000,21,78,,tt0185014
151,Middle of Nowhere,2012,21,78,,tt1211890
152,Payback,1999,21,78,,tt0120784
153,Mighty Joe Young,1998,21,78,,tt0120751
154,Mighty Morphin Power Rangers: The Movie,1995,21,78,,tt0113820
155,Trainspotting,1996,21,78,,tt0117951
156,The Fault in Our Stars,2014,21,78,,tt2582846
157,Fear and Loathing in Las Vegas,1998,21,78,,tt0120669
158,Fatal Instinct,1993,21,78,,tt0106873
159,The Grifters,1990,21,78,,tt0099703
160,Battlefield Earth,2000,21,78,,tt0185183
161,Lee Daniels' The Butler,2013,21,78,,tt1327773
162,The Men Who Stare at Goats,2009,21,78,,tt1234548
163,Sullivan's Travels,1941,21,78,,tt0034240
164,Back to the Future,1985,21,78,,tt0088763
165,Get Hard,2015,21,78,,tt2561572
166,Confidence,2003,21,78,,tt0310910
167,The Cooler,2003,21,78,,tt0318374
168,Copycat,1995,21,78,,tt0112722
169,The Way Back,2010,21,78,,tt1023114
170,What Lies Beneath,2000,21,78,,tt0161081
171,Clear and Present Danger,1994,21,78,,tt0109444
172,Cloudy with a Chance of Meatballs,2009,21,78,,tt0844471
173,Minions,2015,21,78,,tt2293640
174,Phone Booth,2002,21,78,,tt0183649
175,28 Days Later...,2002,21,78,,tt0289043
176,There's Something About Mary,1998,21,78,,tt0129387
177,My Bodyguard,1980,21,78,,tt0081207
178,Pat Garrett & Billy the Kid,1973,21,78,,tt0070518
179,Naked Lunch,1991,21,78,,tt0102511
180,The Aviator,2004,21,78,,tt0338751
181,Dead Ringers,1988,21,78,,tt0094964
182,Cabin Fever 2: Spring Fever,2009,21,78,,tt0961722
183,Nick and Norah's Infinite Playlist,2008,21,78,,tt0981227
184,Charlie Bartlett,2007,21,78,,tt0423977
185,Kids,1995,21,78,,tt0113540
186,Kalifornia,1993,21,78,,tt0107302
187,All About Steve,2009,21,78,,tt0881891
188,Jurassic Park,1993,21,78,,tt0107290
189,The Life Aquatic with Steve Zissou,2004,21,78,,tt0362270
190,The Royal Tenenbaums,2001,21,78,,tt0265666
191,Ghost Story,1981,21,78,,tt0082449
192,Deliver Us from Evil,2014,21,78,,tt2377322
193,Catch Me If You Can,2002,21,78,,tt0264464
194,The Roommate,2011,21,78,,tt1265990
195,Memoirs of an Invisible Man,1992,21,78,,tt0104850
196,The War of the Worlds,1953,21,78,,tt0046534
197,American Beauty,1999,21,78,,tt0169547
198,Carlito's Way,1993,21,78,,tt0106519
199,Amelia,2009,21,78,,tt1129445
200,Case 39,2009,21,78,,tt0795351
201,Casino,1995,21,78,,tt0112641
202,The Fog,2005,21,78,,tt0432291
203,Fallen,1998,21,78,,tt0119099
204,Sleepless in Seattle,1993,21,78,,tt0108160
205,Six Degrees of Separation,1993,21,78,,tt0108149
206,The Sixth Sense,1999,21,78,,tt0167404
207,Sleepy Hollow,1999,21,78,,tt0162661
208,Mr. Turner,2014,21,78,,tt2473794
209,Mistress America,2015,21,78,,tt2872462
210,Mississippi Grind,2015,21,78,,tt2349144
211,Me and Earl and the Dying Girl,2015,21,78,,tt2582496
212,Star Trek,2009,21,78,,tt0796366
213,Basquiat,1996,21,78,,tt0115632
214,Matchstick Men,2003,21,78,,tt0325805
215,The Matrix Reloaded,2003,21,78,,tt0234215
216,The Mask,1994,21,78,,tt0110475
217,The Matrix,1999,21,78,,tt0133093
218,Max Payne,2008,21,78,,tt0467197
219,Zero Effect,1998,21,78,,tt0120906
220,Bean,1997,21,78,,tt0118689
221,Inside Man,2006,21,78,,tt0454848
222,Men in Black,1997,21,78,,tt0119654
223,Everly,2014,21,78,,tt1945084
224,The Drop,2014,21,78,,tt1600196
225,Wadjda,2012,21,78,,tt2258858
226,Trumbo,2015,21,78,,tt3203606
227,Truth,2015,21,78,,tt3859076
228,The Theory of Everything,2014,21,78,,tt2980516
229,The Grand Budapest Hotel,2014,21,78,,tt2278388
230,The Abyss,1989,21,78,,tt0096754
231,Absolute Power,1997,21,78,,tt0118548
232,The Assignment,1997,21,78,,tt0118647
233,Austin Powers: International Man of Mystery,1997,21,78,,tt0118655
234,Austin Powers: The Spy Who Shagged Me,1999,21,78,,tt0145660
235,The Ninth Gate,1999,21,78,,tt0142688
236,Demolition Man,1993,21,78,,tt0106697
237,The Hitcher,2007,21,78,,tt0455960
238,Enter the Dragon,1973,21,78,,tt0070034
239,The Guard,2011,21,78,,tt1540133
240,The Hurt Locker,2008,21,78,,tt0887912
241,Narrow Margin,1990,21,78,,tt0100224
242,Crimson Tide,1995,21,78,,tt0112740
243,House of Games,1987,21,78,,tt0093223
244,Hannibal,2001,21,78,,tt0212985
245,Identity Thief,2013,21,78,,tt2024432
246,Hellboy,2004,21,78,,tt0167190
247,TMNT,2007,21,78,,tt0453556
248,Now You See Me,2013,21,78,,tt1670345
249,Sweet Smell of Success,1957,21,78,,tt0051036
250,The Shining,1980,21,78,,tt0081505
251,All God's Children Can Dance,2008,21,78,,tt0847214
252,The Shipping News,2001,21,78,,tt0120824
253,Life of Pi,2012,21,78,,tt0454876
254,Rolling Thunder,1977,21,78,,tt0076637
255,Legally Blonde,2001,21,78,,tt0250494
256,The Godfather: Part II,1974,21,78,,tt0071562
257,Good Luck Chuck,2007,21,78,,tt0452625
258,Reasonable Doubt,2014,21,78,,tt2304953
259,Training Day,2001,21,78,,tt0139654
260,Little Man Tate,1991,21,78,,tt0102316
261,The Dark Knight Rises,2012,21,78,,tt1345836
262,Only You,1994,21,78,,tt0110737
263,Yes Man,2008,21,78,,tt1068680
264,Year One,2009,21,78,,tt1045778
265,X-Men,2000,21,78,,tt0120903
266,A Dry White Season,1989,21,78,,tt0097243
267,The Mirror Has Two Faces,1996,21,78,,tt0117057
268,Eastern Promises,2007,21,78,,tt0765443
269,Easy A,2010,21,78,,tt1282140
270,Edtv,1999,21,78,,tt0131369
271,Gone Girl,2014,21,78,,tt2267998
272,The Good Girl,2002,21,78,,tt0279113
273,Good Will Hunting,1997,21,78,,tt0119217
274,Gangster Squad,2013,21,78,,tt1321870
275,Freddy's Dead: The Final Nightmare,1991,21,78,,tt0101917
276,Quills,2000,21,78,,tt0180073
277,Water for Elephants,2011,21,78,,tt1067583
278,Letters to Juliet,2010,21,78,,tt0892318
279,War Horse,2011,21,78,,tt1568911
280,Warrior,2011,21,78,,tt1291584
281,The Leopard Man,1943,21,78,,tt0036104
282,The Informant!,2009,21,78,,tt1130080
283,From Dusk Till Dawn 2: Texas Blood Money,1999,21,78,,tt0120860
284,Wrong Turn,2003,21,78,,tt0295700
285,Hellraiser,1987,21,78,,tt0093177
286,Kill Bill: Vol. 2,2004,21,78,,tt0378194
287,The Hebrew Hammer,2003,21,78,,tt0317640
288,Down and Out in Beverly Hills,1986,21,78,,tt0090966
289,Last Chance Harvey,2008,21,78,,tt1046947
290,Land of the Dead,2005,21,78,,tt0418819
291,Come See the Paradise,1990,21,78,,tt0099291
292,Larry Crowne,2011,21,78,,tt1583420
293,Clue,1985,21,78,,tt0088930
294,The Last Samurai,2003,21,78,,tt0325710
295,This Is 40,2012,21,78,,tt1758830
296,Stone,2010,21,78,,tt1423995
297,Stay,2005,21,78,,tt0371257
298,The Big Blue,1988,21,78,,tt0095250
299,Two-Lane Blacktop,1971,21,78,,tt0067893
300,The Best Exotic Marigold Hotel,2011,21,78,,tt1412386
301,Big,1988,21,78,,tt0094737
302,Harry Potter and the Half-Blood Prince,2009,21,78,,tt0417741
303,Wild Card,2015,21,78,,tt2231253
304,Caddyshack,1980,21,78,,tt0080487
305,Anastasia,1997,21,78,,tt0118617
306,Scream 2,1997,21,78,,tt0120082
307,Alone in the Dark,2005,21,78,,tt0369226
308,Mortdecai,2015,21,78,,tt3045616
309,Indiana Jones and the Kingdom of the Crystal Skull,2008,21,78,,tt0367882
310,The Cell,2000,21,78,,tt0209958
311,Celeste & Jesse Forever,2012,21,78,,tt1405365
312,Cedar Rapids,2011,21,78,,tt1477837
313,Cecil B. DeMented,2000,21,78,,tt0173716
314,Almost Famous,2000,21,78,,tt0181875
315,City of Joy,1992,21,78,,tt0103976
316,Citizen Kane,1941,21,78,,tt0033467
317,Forgetting Sarah Marshall,2008,21,78,,tt0800039
318,The Cider House Rules,1999,21,78,,tt0124315
319,The Cincinnati Kid,1965,21,78,,tt0059037
320,Dazed and Confused,1993,21,78,,tt0106677
321,Manhattan Murder Mystery,1993,21,78,,tt0107507
322,Suffragette,2015,21,78,,tt3077214
323,The American,2010,21,78,,tt1440728
324,Shifty,2008,21,78,,tt1104126
325,St. Vincent,2014,21,78,,tt2170593
326,Steve Jobs,2015,21,78,,tt2080374
327,Spring Breakers,2012,21,78,,tt2101441
328,Testament of Youth,2014,21,78,,tt1441953
329,Batman Forever,1995,21,78,,tt0112462
330,Scooby-Doo,2002,21,78,,tt0267913
331,Batman & Robin,1997,21,78,,tt0118688
332,Batman Begins,2005,21,78,,tt0372784
333,Dolores Claiborne,1995,21,78,,tt0109642
334,Super,2010,21,78,,tt1512235
335,Midnight Express,1978,21,78,,tt0077928
336,Southland Tales,2006,21,78,,tt0405336
337,Begin Again,2013,21,78,,tt1980929
338,Milk,2008,21,78,,tt1013753
339,Metro,1997,21,78,,tt0119664
340,While We're Young,2014,21,78,,tt1791682
341,The Addams Family,1991,21,78,,tt0101272
342,Woman in Gold,2015,21,78,,tt2404425
343,Wild Tales,2014,21,78,,tt3011894
344,Youth,2015,21,78,,tt3312830
345,Wreck-It Ralph,2012,21,78,,tt1772341
346,Nick of Time,1995,21,78,,tt0113972
347,Ace Ventura: Pet Detective,1994,21,78,,tt0109040
348,The Omega Man,1971,21,78,,tt0067525
349,The Adjustment Bureau,2011,21,78,,tt1385826
350,Affliction,1997,21,78,,tt0118564
351,Ocean's Twelve,2004,21,78,,tt0349903
352,Next Friday,2000,21,78,,tt0195945
353,The Next Three Days,2010,21,78,,tt1458175
354,Any Given Sunday,1999,21,78,,tt0146838
355,Death Becomes Her,1992,21,78,,tt0104070
356,The Lobster,2015,21,78,,tt3464902
357,Bed of Roses,1996,21,78,,tt0115644
358,The Losers,2010,21,78,,tt0480255
359,Titanic,1997,21,78,,tt0120338
360,Frankenstein,1931,21,78,,tt0021884
361,Office Space,1999,21,78,,tt0151804
362,Rounders,1998,21,78,,tt0128442
363,Transcendence,2014,21,78,,tt2209764
364,The Adventures of Tintin,2011,21,78,,tt0983193
365,The Keep,1983,21,78,,tt0085780
366,The Long Goodbye,1973,21,78,,tt0070334
367,Street Kings,2008,21,78,,tt0421073
368,MASH,1970,21,78,,tt0066026
369,Gosford Park,2001,21,78,,tt0280707
370,THX 1138,1971,21,78,,tt0066434
371,TRON,1982,21,78,,tt0084827
372,Taking Lives,2004,21,78,,tt0364045
373,Alice in Wonderland,2010,21,78,,tt1014759
374,Alien: Resurrection,1997,21,78,,tt0118583
375,Light of Day,1987,21,78,,tt0093415
376,The Mosquito Coast,1986,21,78,,tt0091557
377,Old Boyfriends,1979,21,78,,tt0079660
378,Strange Days,1995,21,78,,tt0114558
379,Dredd,2012,21,78,,tt1343727
380,Storytelling,2001,21,78,,tt0250081
381,Goodfellas,1990,21,78,,tt0099685
382,Malice,1993,21,78,,tt0107497
383,Dead Again,1991,21,78,,tt0101669
384,Total Recall,1990,21,78,,tt0100802
385,Risky Business,1983,21,78,,tt0086200
386,Run All Night,2015,21,78,,tt2199571
387,A Nightmare on Elm Street 2: Freddy's Revenge,1985,21,78,,tt0089686
388,The Outlaw Josey Wales,1976,21,78,,tt0075029
389,The Texas Chainsaw Massacre,2003,21,78,,tt0324216
390,One Eight Seven,1997,21,78,,tt0118531
391,On the Waterfront,1954,21,78,,tt0047296
392,On Golden Pond,1981,21,78,,tt0082846
393,The Lazarus Effect,2015,21,78,,tt2918436
394,Drag Me to Hell,2009,21,78,,tt1127180
395,Drive Angry,2011,21,78,,tt1502404
396,Memoirs of a Geisha,2005,21,78,,tt0397535
397,Memphis Belle,1990,21,78,,tt0100133
398,Mean Streets,1973,21,78,,tt0070379
399,Melvin and Howard,1980,21,78,,tt0081150
400,Mean Girls,2004,21,78,,tt0377092
401,Maverick,1994,21,78,,tt0110478
402,A.I. Artificial Intelligence,2001,21,78,,tt0212720
403,Eight Legged Freaks,2002,21,78,,tt0271367
404,Election,1999,21,78,,tt0126886
405,Whiplash,2014,21,78,,tt2582802
406,The Lunchbox,2013,21,78,,tt2350496
407,Grand Hotel,1932,21,78,,tt0022958
408,The Graduate,1967,21,78,,tt0061722
409,Gran Torino,2008,21,78,,tt1205489
410,Sin Nombre,2009,21,78,,tt1127715
411,22 Jump Street,2014,21,78,,tt2294449
412,Southpaw,2015,21,78,,tt1798684
413,Léon: The Professional,1994,21,78,,tt0110413
414,Legionnaire,1998,21,78,,tt0126388
415,Legend,1985,21,78,,tt0089469
416,Heavenly Creatures,1994,21,78,,tt0110005
417,Boys on the Side,1995,21,78,,tt0112571
418,Lake Placid,1999,21,78,,tt0139414
419,The Lego Movie,2014,21,78,,tt1490017
420,Rabid,1977,21,78,,tt0076590
421,Aliens vs. Predator: Requiem,2007,21,78,,tt0758730
422,Old School,2003,21,78,,tt0302886
423,Predator 2,1990,21,78,,tt0100403
424,Stranger Than Fiction,2006,21,78,,tt0420223
425,Predators,2010,21,78,,tt1424381
426,True Crime,1999,21,78,,tt0139668
427,Beloved,1998,21,78,,tt0120603
428,The Believer,2001,21,78,,tt0247199
429,Being There,1979,21,78,,tt0078841
430,28 Days,2000,21,78,,tt0191754
431,Margaret,2011,21,78,,tt0466893
432,3:10 to Yuma,2007,21,78,,tt0381849
433,Benny & Joon,1993,21,78,,tt0106387
434,Something Wicked This Way Comes,1983,21,78,,tt0086336
435,The Wedding Date,2005,21,78,,tt0372532
436,Some Like It Hot,1959,21,78,,tt0053291
437,Octopussy,1983,21,78,,tt0086034
438,Somewhere in Time,1980,21,78,,tt0081534
439,Tucker and Dale vs. Evil,2010,21,78,,tt1465522
440,Burning Annie,2004,21,78,,tt0307879
441,The Butterfly Effect,2004,21,78,,tt0289879
442,Maps to the Stars,2014,21,78,,tt2172584
443,17 Again,2009,21,78,,tt0974661
444,Rush Hour 2,2001,21,78,,tt0266915
445,Buried,2010,21,78,,tt1462758
446,Bull Durham,1988,21,78,,tt0094812
447,Rust and Bone,2012,21,78,,tt2053425
448,Burlesque,2010,21,78,,tt1126591
449,Constantine,2005,21,78,,tt0360486
450,Code of Silence,1985,21,78,,tt0088936
451,Cobb,1994,21,78,,tt0109450
452,Confessions of a Dangerous Mind,2002,21,78,,tt0270288
453,Collateral Damage,2002,21,78,,tt0233469
454,Martha Marcy May Marlene,2011,21,78,,tt1441326
455,Margin Call,2011,21,78,,tt1615147
456,Margot at the Wedding,2007,21,78,,tt0757361
457,Marley & Me,2008,21,78,,tt0822832
458,Sideways,2004,21,78,,tt0375063
459,Promised Land,2012,21,78,,tt2091473
460,Shrek,2001,21,78,,tt0126029
461,Room,2015,21,78,,tt3170832
462,The Siege,1998,21,78,,tt0133952
463,Slow West,2015,21,78,,tt3205376
464,xXx,2002,21,78,,tt0295701
465,Cherry Falls,2000,21,78,,tt0175526
466,Arthur,1981,21,78,,tt0082031
467,As Good as It Gets,1997,21,78,,tt0119822
468,Tall in the Saddle,1944,21,78,,tt0037343
469,Assassins,1995,21,78,,tt0112401
470,Made in Dagenham,2010,21,78,,tt1371155
471,Man on Fire,2004,21,78,,tt0328107
472,Man Trouble,1992,21,78,,tt0104804
473,Viridiana,1961,21,78,,tt0055601
474,The Lady from Shanghai,1947,21,78,,tt0040525
475,The Illusionist,2006,21,78,,tt0443543
476,Malcolm X,1992,21,78,,tt0104797
477,Malibu's Most Wanted,2003,21,78,,tt0328099
478,The Hunger Games,2012,21,78,,tt1392170
479,Ocean's Eleven,2001,21,78,,tt0240772
480,Obsessed,2009,21,78,,tt1198138
481,Observe and Report,2009,21,78,,tt1197628
482,Oblivion,2013,21,78,,tt1483013
483,Nurse Betty,2000,21,78,,tt0171580
484,Never Been Kissed,1999,21,78,,tt0151738
485,Notting Hill,1999,21,78,,tt0125439
486,House of 1000 Corpses,2003,21,78,,tt0251736
487,Hotel Rwanda,2004,21,78,,tt0395169
488,His Girl Friday,1940,21,78,,tt0032599
489,Hostage,2005,21,78,,tt0340163
490,The Hospital,1971,21,78,,tt0067217
491,Henry Fool,1997,21,78,,tt0122529
492,Ransom,1996,21,78,,tt0117438
493,The Edge,1997,21,78,,tt0119051
494,Twister,1996,21,78,,tt0117998
495,Knight and Day,2010,21,78,,tt1013743
496,Fantastic Voyage,1966,21,78,,tt0060397
497,Far from Heaven,2002,21,78,,tt0297884
498,The Fantastic Four,1994,21,78,,tt0109770
499,The Faculty,1998,21,78,,tt0133751
500,Choose Me,1984,21,78,,tt0087054
501,Delivery Man,2013,21,78,,tt2387559
502,Weird Science,1985,21,78,,tt0090305
503,Hero,1992,21,78,,tt0104412
504,Henry Poole Is Here,2008,21,78,,tt1029120
505,Her,2013,21,78,,tt1798709
506,Hereafter,2010,21,78,,tt1212419
507,Obsession,1976,21,78,,tt0074991
508,There Will Be Blood,2007,21,78,,tt0469494
509,The Russell Girl,2008,21,78,,tt1097649
510,Adventureland,2009,21,78,,tt1091722
511,An Affair to Remember,1957,21,78,,tt0050105
512,The Adventures of Ford Fairlane,1990,21,78,,tt0098987
513,My Girl 2,1994,21,78,,tt0110613
514,Cloverfield,2008,21,78,,tt1060277
515,Joy,2015,21,78,,tt2446980
516,The November Man,2014,21,78,,tt2402157
517,Apollo 18,2011,21,78,,tt1772240
518,Rock of Ages,2012,21,78,,tt1336608
519,Sleeping Beauty,2011,21,78,,tt1588398
520,The Gunman,2015,21,78,,tt2515034
521,The Partners,2003,21,78,,tt0353092
522,The Pelican Brief,1993,21,78,,tt0107798
523,Idiocracy,2006,21,78,,tt0387808
524,Friday the 13th,2009,21,78,,tt0758746
525,Team America: World Police,2004,21,78,,tt0372588
526,Evil Angel,2009,21,78,,tt0892051
527,Hatchet II,2010,21,78,,tt1270835
528,Michael Clayton,2007,21,78,,tt0465538
529,Harry Potter and the Sorcerer's Stone,2001,21,78,,tt0241527
530,Paul,2011,21,78,,tt1092026
531,Enough,2002,21,78,,tt0278435
532,Entrapment,1999,21,78,,tt0137494
533,The English Patient,1996,21,78,,tt0116209
534,Enemy of the State,1998,21,78,,tt0120660
535,The Last Temptation of Christ,1988,21,78,,tt0095497
536,The Last Castle,2001,21,78,,tt0272020
537,The Last of the Mohicans,1992,21,78,,tt0104691
538,The Maze Runner,2014,21,78,,tt1790864
539,Chef,2014,21,78,,tt2883512
540,Croupier,1998,21,78,,tt0159382
541,The Crow,1994,21,78,,tt0109506
542,The Crow: Salvation,2000,21,78,,tt0132910
543,El Dorado,1966,21,78,,tt0061619
544,The Help,2011,21,78,,tt1454029
545,High Fidelity,2000,21,78,,tt0146882
546,Henry's Crime,2010,21,78,,tt1220888
547,Hesher,2010,21,78,,tt1403177
548,Klute,1971,21,78,,tt0067309
549,Kiss of the Spider Woman,1985,21,78,,tt0089424
550,Knocked Up,2007,21,78,,tt0478311
551,Kung Fu Panda,2008,21,78,,tt0441773
552,The Thin Red Line,1998,21,78,,tt0120863
553,American Gigolo,1980,21,78,,tt0080365
554,Four Lions,2010,21,78,,tt1341167
555,Superman II,1980,21,78,,tt0081573
556,S1m0ne,2002,21,78,,tt0258153
557,Superman IV: The Quest for Peace,1987,21,78,,tt0094074
558,Superman III,1983,21,78,,tt0086393
559,Birthday Girl,2001,21,78,,tt0188453
560,Black Snake Moan,2006,21,78,,tt0462200
561,Die Hard,1988,21,78,,tt0095016
562,Gamer,2009,21,78,,tt1034032
563,Ghostbusters II,1989,21,78,,tt0097428
564,Detroit Rock City,1999,21,78,,tt0165710
565,Devil in a Blue Dress,1995,21,78,,tt0112857
566,The Devil's Advocate,1997,21,78,,tt0118971
567,Solaris,2002,21,78,,tt0307479
568,G.I. Jane,1997,21,78,,tt0119173
569,Gladiator,2000,21,78,,tt0172495
570,Beasts of No Nation,2015,21,78,,tt1365050
571,Before Midnight,2013,21,78,,tt2209418
572,Belle,2013,21,78,,tt2404181
573,Birdman or (The Unexpected Virtue of Ignorance),2014,21,78,,tt2562232
574,Boyhood,2014,21,78,,tt1065073
575,Pi,1998,21,78,,tt0138704
576,Bridge of Spies,2015,21,78,,tt3682448
577,Brooklyn,2015,21,78,,tt2381111
578,Capote,2005,21,78,,tt0379725
579,Cars 2,2011,21,78,,tt1216475
580,Candle to Water,2012,21,78,,tt2387411
581,Glory Road,2006,21,78,,tt0385726
582,Rush Hour,1998,21,78,,tt0120812
583,Runaway Bride,1999,21,78,,tt0163187
584,The Ruins,2008,21,78,,tt0963794
585,Star Trek II: The Wrath of Khan,1982,21,78,,tt0084726
586,Rush,2013,21,78,,tt1979320
587,Contact,1997,21,78,,tt0118884
588,Cradle 2 the Grave,2003,21,78,,tt0306685
589,The Fifth Element,1997,21,78,,tt0119116
590,The Game,1997,21,78,,tt0119174
591,The Wizard of Oz,1939,21,78,,tt0032138
592,Witness,1985,21,78,,tt0090329
593,Monsters University,2013,21,78,,tt1453405
594,Nowhere to Run,1993,21,78,,tt0107711
595,Son of Saul,2015,21,78,,tt3808342
596,Shakespeare in Love,1998,21,78,,tt0138097
597,The Big Short,2015,21,78,,tt1596363
598,X-Men Origins: Wolverine,2009,21,78,,tt0458525
599,Sexual Life,2005,21,78,,tt0376874
600,The Lady in the Van,2015,21,78,,tt3722070
601,Sex and the City,2008,21,78,,tt1000774
602,"Sex, Lies, and Videotape",1989,21,78,,tt0098724
603,Changeling,2008,21,78,,tt0824747
604,At First Sight,1999,21,78,,tt0132512
605,Cellular,2004,21,78,,tt0337921
606,Authors Anonymous,2014,21,78,,tt2114461
607,Young Frankenstein,1974,21,78,,tt0072431
608,Catwoman,2004,21,78,,tt0327554
609,Avatar,2009,21,78,,tt0499549
610,Glengarry Glen Ross,1992,21,78,,tt0104348
611,The Piano,1993,21,78,,tt0107822
612,The Man in the Iron Mask,1998,21,78,,tt0120744
613,El mariachi,1992,21,78,,tt0104815
614,Manhunter,1986,21,78,,tt0091474
615,The Manchurian Candidate,2004,21,78,,tt0368008
616,Galaxy Quest,1999,21,78,,tt0177789
617,The Blob,1988,21,78,,tt0094761
618,Hitch,2005,21,78,,tt0386588
619,No Strings Attached,2011,21,78,,tt1411238
620,I Know What You Did Last Summer,1997,21,78,,tt0119345
621,My Bloody Valentine,2009,21,78,,tt1179891
622,The Nines,2007,21,78,,tt0810988
623,Ninotchka,1939,21,78,,tt0031725
624,Ninja Assassin,2009,21,78,,tt1186367
625,Looper,2012,21,78,,tt1276104
626,Highlander: Endgame,2000,21,78,,tt0144964
627,Hellraiser III: Hell on Earth,1992,21,78,,tt0104409
628,Hellboy II: The Golden Army,2008,21,78,,tt0411477
629,Heist,2001,21,78,,tt0252503
630,15 Minutes,2001,21,78,,tt0179626
631,Captain America: The First Avenger,2011,21,78,,tt0458339
632,Petulia,1968,21,78,,tt0063426
633,Gone in Sixty Seconds,2000,21,78,,tt0187078
634,Pet Sematary II,1992,21,78,,tt0105128
635,A Perfect World,1993,21,78,,tt0107808
636,2001: A Space Odyssey,1968,21,78,,tt0062622
637,Peggy Sue Got Married,1986,21,78,,tt0091738
638,Killing Zoe,1993,21,78,,tt0110265
639,Evil Under the Sun,1982,21,78,,tt0083908
640,Point of No Return,1993,21,78,,tt0107843
641,The Expendables,2010,21,78,,tt1320253
642,The Exorcist,1973,21,78,,tt0070047
643,1408,2007,21,78,,tt0450385
644,The Dark Half,1993,21,78,,tt0106664
645,The Flintstones,1994,21,78,,tt0109813
646,Heathers,1988,21,78,,tt0097493
647,Normal Adolescent Behavior,2007,21,78,,tt0790721
648,Hate Crime,2012,21,78,,tt2257436
649,Firestarter,1984,21,78,,tt0087262
650,The Mechanic,2011,21,78,,tt0472399
651,Meet Joe Black,1998,21,78,,tt0119643
652,Memento,2000,21,78,,tt0209144
653,Meet John Doe,1941,21,78,,tt0033891
654,The Lost Weekend,1945,21,78,,tt0037884
655,Martyrs,2015,21,78,,tt1663655
656,The Majestic,2001,21,78,,tt0268995
657,Séance,2006,21,78,,tt0814343
658,The Family,2013,21,78,,tt2404311
659,Hook,1991,21,78,,tt0102057
660,Away from Her,2006,21,78,,tt0491747
661,Atonement,2007,21,78,,tt0783233
662,Blue Jasmine,2013,21,78,,tt2334873
663,Sinister,2012,21,78,,tt1922777
664,"Synecdoche, New York",2008,21,78,,tt0383028
665,Christine,1983,21,78,,tt0085333
666,Adaptation.,2002,21,78,,tt0268126
667,People Like Us,2012,21,78,,tt1716777
668,The Incredible Hulk,2008,21,78,,tt0800080
669,Elysium,2013,21,78,,tt1535108
670,Paper Towns,2015,21,78,,tt3622592
671,Bee Movie,2007,21,78,,tt0389790
672,Beaches,1988,21,78,,tt0094715
673,Beetlejuice,1988,21,78,,tt0094721
674,In Time,2011,21,78,,tt1637688
675,Panther,1995,21,78,,tt0114084
676,City Heat,1984,21,78,,tt0087062
677,The Parallax View,1974,21,78,,tt0071970
678,Encrypt,2003,21,78,,tt0338963
679,Erin Brockovich,2000,21,78,,tt0195685
680,Amélie,2001,21,78,,tt0211915
681,American History X,1998,21,78,,tt0120586
682,Breakdown,1997,21,78,,tt0118771
683,Shrek 2,2004,21,78,,tt0298148
684,Crime Spree,2003,21,78,,tt0310924
685,Escape from New York,1981,21,78,,tt0082340
686,Equilibrium,2002,21,78,,tt0238380
687,Erik the Viking,1989,21,78,,tt0097289
688,Once Upon a Time in America,1984,21,78,,tt0087843
689,Million Dollar Baby,2004,21,78,,tt0405159
690,The Wind and the Lion,1975,21,78,,tt0073906
691,The Devil's Rejects,2005,21,78,,tt0395584
692,Take Shelter,2011,21,78,,tt1675192
693,Drive,2011,21,78,,tt0780504
694,Syriana,2005,21,78,,tt0365737
695,Swordfish,2001,21,78,,tt0244244
696,Cube,1997,21,78,,tt0123755
697,Made,2001,21,78,,tt0227005
698,Cruel Intentions,1999,21,78,,tt0139134
699,Vertigo,1958,21,78,,tt0052357
700,The Crying Game,1992,21,78,,tt0104036
701,The Magic Toyshop,1987,21,78,,tt0097806
702,The Verdict,1982,21,78,,tt0084855
703,The Damned United,2009,21,78,,tt1226271
704,Hellraiser: Deader,2005,21,78,,tt0337636
705,Drop Dead Gorgeous,1999,21,78,,tt0157503
706,Hellraiser: Hellseeker,2002,21,78,,tt0274546
707,Labor Day,2013,21,78,,tt1967545
708,Romeo + Juliet,1996,21,78,,tt0117509
709,Stuart Little 2,2002,21,78,,tt0243585
710,The King's Speech,2010,21,78,,tt1504320
711,Stranglehold,1994,21,78,,tt0111300
712,King Kong,2005,21,78,,tt0360717
713,SubUrbia,1996,21,78,,tt0120238
714,The Iron Giant,1999,21,78,,tt0129167
715,Moneyball,2011,21,78,,tt1210166
716,In the Valley of Elah,2007,21,78,,tt0478134
717,In Her Shoes,2005,21,78,,tt0388125
718,The Birds,1963,21,78,,tt0056869
719,The Big Lebowski,1998,21,78,,tt0118715
720,In Good Company,2004,21,78,,tt0385267
721,The Descendants,2011,21,78,,tt1033575
722,Go,1999,21,78,,tt0139239
723,The Departed,2006,21,78,,tt0407887
724,Smokey and the Bandit,1977,21,78,,tt0076729
725,Gods and Monsters,1998,21,78,,tt0120684
726,Forrest Gump,1994,21,78,,tt0109830
727,Smoke,1995,21,78,,tt0114478
728,Friday the 13th Part VIII: Jason Takes Manhattan,1989,21,78,,tt0097388
729,Despicable Me 2,2013,21,78,,tt1690953
730,Coraline,2009,21,78,,tt0327597
731,Carol,2015,21,78,,tt2402927
732,Dear White People,2014,21,78,,tt2235108
733,Danny Collins,2015,21,78,,tt1772288
734,Enough Said,2013,21,78,,tt2390361
735,Vanishing Point,1971,21,78,,tt0067927
736,Breaking Away,1979,21,78,,tt0078902
737,Brick,2005,21,78,,tt0393109
738,Bridesmaids,2011,21,78,,tt1478338
739,Saving Private Ryan,1998,21,78,,tt0120815
740,Saw,2004,21,78,,tt0387564
741,Broadcast News,1987,21,78,,tt0092699
742,The Crow: City of Angels,1996,21,78,,tt0115986
743,Surrogates,2009,21,78,,tt0986263
744,Supergirl,1984,21,78,,tt0088206
745,The Surfer King,2006,21,78,,tt0418206
746,The Riot Club,2014,21,78,,tt2717860
747,Second Coming,2014,21,78,,tt2837296
748,Green Lantern,2011,21,78,,tt1133985
749,Suspect Zero,2004,21,78,,tt0324127
750,"Good Night, and Good Luck.",2005,21,78,,tt0433383
751,21,2008,21,78,,tt0478087
752,The Messenger,2009,21,78,,tt0790712
753,The Great Gatsby,2013,21,78,,tt1343092
754,The Gambler,2014,21,78,,tt2039393
755,Shallow Grave,1994,21,78,,tt0111149
756,The End of the Tour,2015,21,78,,tt3416744
757,The Diary of a Teenage Girl,2015,21,78,,tt3172532
758,Shampoo,1975,21,78,,tt0073692
759,The Boxtrolls,2014,21,78,,tt0787474
760,Midnight in Paris,2011,21,78,,tt1605783
761,Burn After Reading,2008,21,78,,tt0887883
762,X-Men 2,2003,21,78,,tt0290334
763,Babel,2006,21,78,,tt0449467
764,Cast Away,2000,21,78,,tt0162222
765,Die Hard: With a Vengeance,1995,21,78,,tt0112864
766,The Nightmare Before Christmas,1993,21,78,,tt0107688
767,Nine,2009,21,78,,tt0875034
768,Shame,2011,21,78,,tt1723811
769,Boyz n the Hood,1991,21,78,,tt0101507
770,The Descent,2005,21,78,,tt0435625
771,Alien³,1992,21,78,,tt0103644
772,Flags of Our Fathers,2006,21,78,,tt0418689
773,Doomsday,2008,21,78,,tt0483607
774,The Croods,2013,21,78,,tt0481499
775,Red Lights,2012,21,78,,tt1748179
776,The Shawshank Redemption,1994,21,78,,tt0111161
777,Independence Day,1996,21,78,,tt0116629
778,Indiana Jones and the Temple of Doom,1984,21,78,,tt0087469
779,Raiders of the Lost Ark,1981,21,78,,tt0082971
780,The Other Boleyn Girl,2008,21,78,,tt0467200
781,Kate & Leopold,2001,21,78,,tt0035423
782,Orphan,2009,21,78,,tt1148204
783,The Pacifier,2005,21,78,,tt0395699
784,Panic Room,2002,21,78,,tt0258000
785,The Patriot,2000,21,78,,tt0187393
786,Pearl Harbor,2001,21,78,,tt0213149
787,Gleaming the Cube,1989,21,78,,tt0097438
788,House on Haunted Hill,1999,21,78,,tt0185371
789,How Do You Know,2010,21,78,,tt1341188
790,Psycho II,1983,21,78,,tt0086154
791,Cake,2014,21,78,,tt3442006
792,Lucy,2014,21,78,,tt2872732
793,Hot Rod,2007,21,78,,tt0787475
794,House of the Damned,1996,21,78,,tt0116573
795,Bruce Almighty,2003,21,78,,tt0315327
796,Men in Black 3,2012,21,78,,tt1409024
797,A Walk to Remember,2002,21,78,,tt0281358
798,Very Bad Things,1998,21,78,,tt0124198
799,The Life of David Gale,2003,21,78,,tt0289992
800,Wanted,2008,21,78,,tt0493464
801,War of the Worlds,2005,21,78,,tt0407304
802,Daybreakers,2009,21,78,,tt0433362
803,Armored,2009,21,78,,tt0913354
804,The Assassination of Jesse James by the Coward Robert Ford,2007,21,78,,tt0443680
805,The Avengers,2012,21,78,,tt0848228
806,No Escape,2015,21,78,,tt1781922
807,Hard Times,1975,21,78,,tt0073092
808,The Recruit,2003,21,78,,tt0292506
809,The Maiden Heist,2009,21,78,,tt1107860
810,Take This Waltz,2011,21,78,,tt1592281
811,300,2006,21,78,,tt0416449
812,Insidious: Chapter 2,2013,21,78,,tt2226417
813,New Nightmare,1994,21,78,,tt0111686
814,Beneath the Planet of the Apes,1970,21,78,,tt0065462
815,Below,2002,21,78,,tt0276816
816,Ricochet,1991,21,78,,tt0102789
817,Planet of the Apes,1968,21,78,,tt0063442
818,Wanderlust,2012,21,78,,tt1655460
819,Edge of Darkness,2010,21,78,,tt1226273
820,The Wizard,1989,21,78,,tt0098663
821,Pan's Labyrinth,2006,21,78,,tt0457430
822,The Electric Horseman,1979,21,78,,tt0079100
823,Elf,2003,21,78,,tt0319343
824,Spotlight,2015,21,78,,tt1895587
825,Moscow on the Hudson,1984,21,78,,tt0087747
826,The Wolverine,2013,21,78,,tt1430132
827,Sparkle,2012,21,78,,tt1876451
828,Season of the Witch,2011,21,78,,tt0479997
829,Prometheus,2012,21,78,,tt1446714
830,Arlington Road,1999,21,78,,tt0137363
831,Serendipity,2001,21,78,,tt0240890
832,The Sweet Hereafter,1997,21,78,,tt0120255
833,Swingers,1996,21,78,,tt0117802
834,Lost Highway,1997,21,78,,tt0116922
835,Valentine's Day,2010,21,78,,tt0817230
836,The Lost Son,1999,21,78,,tt0144286
837,Up in the Air,2009,21,78,,tt1193138
838,Up,2009,21,78,,tt1049413
839,Honeydripper,2007,21,78,,tt0829193
840,Horrible Bosses,2011,21,78,,tt1499658
841,The Horse Whisperer,1998,21,78,,tt0119314
842,Hot Tub Time Machine,2010,21,78,,tt1231587
843,Ghost Ship,2002,21,78,,tt0288477
844,The Ghost and the Darkness,1996,21,78,,tt0116409
845,Ghost World,2001,21,78,,tt0162346
846,The Lincoln Lawyer,2011,21,78,,tt1189340
847,The Rules of Attraction,2002,21,78,,tt0292644
848,Light Sleeper,1992,21,78,,tt0102307
849,A Room with a View,1985,21,78,,tt0091867
850,The Limey,1999,21,78,,tt0165854
851,Sherlock Holmes,2009,21,78,,tt0988045
852,Wild Things: Diamonds in the Rough,2005,21,78,,tt0448179
853,Lincoln,2012,21,78,,tt0443272
854,Noah,2014,21,78,,tt1959490
855,Top Five,2014,21,78,,tt2784678
856,Sabotage,2014,21,78,,tt1742334
857,Nine to Five,1980,21,78,,tt0080319
858,Seven Psychopaths,2012,21,78,,tt1931533
859,Blood and Wine,1996,21,78,,tt0115710
860,Blast from the Past,1999,21,78,,tt0124298
861,The Blind Side,2009,21,78,,tt0878804
862,The Bling Ring,2013,21,78,,tt2132285
863,Dogma,1999,21,78,,tt0120655
864,White House Down,2013,21,78,,tt2334879
865,The Smurfs 2,2013,21,78,,tt2017020
866,The Four Feathers,2002,21,78,,tt0240510
867,Slash,2002,21,78,,tt0301848
868,Final Destination,2000,21,78,,tt0195714
869,Fletch,1985,21,78,,tt0089155
870,Five Easy Pieces,1970,21,78,,tt0065724
871,A Single Man,2009,21,78,,tt1315981
872,Feast,2005,21,78,,tt0426459
873,A Simple Plan,1998,21,78,,tt0120324
874,Silverado,1985,21,78,,tt0090022
875,Indiana Jones and the Last Crusade,1989,21,78,,tt0097576
876,Toy Story,1995,21,78,,tt0114709
877,Broken Embraces,2009,21,78,,tt0913425
878,The Sandlot,1993,21,78,,tt0108037
879,Saving Mr. Banks,2013,21,78,,tt2140373
880,The Brothers Bloom,2008,21,78,,tt0844286
881,Buffy the Vampire Slayer,1992,21,78,,tt0103893
882,True Grit,2010,21,78,,tt1403865
883,Sunshine Cleaning,2008,21,78,,tt0862846
884,Sunset Blvd.,1950,21,78,,tt0043014
885,Day of the Dead,1985,21,78,,tt0088993
886,Sugar & Spice,2001,21,78,,tt0186589
887,Sugar,2008,21,78,,tt0990413
888,The Stunt Man,1980,21,78,,tt0081568
889,Superbad,2007,21,78,,tt0829482
890,Super 8,2011,21,78,,tt1650062
891,Jennifer's Body,2009,21,78,,tt1131734
892,Slumdog Millionaire,2008,21,78,,tt1010048
893,The Tree of Life,2011,21,78,,tt0478304
894,Sling Blade,1996,21,78,,tt0117666
895,Showgirls,1995,21,78,,tt0114436
896,Winter's Bone,2010,21,78,,tt1399683
897,Backdraft,1991,21,78,,tt0101393
898,The Back-up Plan,2010,21,78,,tt1212436
899,Willard,1971,21,78,,tt0067991
900,I'll Do Anything,1994,21,78,,tt0110097
901,Family Plot,1976,21,78,,tt0074512
902,Body of Evidence,1993,21,78,,tt0106453
903,The Bodyguard,1992,21,78,,tt0103855
904,Aliens,1986,21,78,,tt0090605
905,Mud,2012,21,78,,tt1935179
906,Perfect Creature,2006,21,78,,tt0403407
907,Mr. Deeds Goes to Town,1936,21,78,,tt0027996
908,The Perks of Being a Wallflower,2012,21,78,,tt1659337
909,Mrs Brown,1997,21,78,,tt0119280
910,Mr. Blandings Builds His Dream House,1948,21,78,,tt0040613
911,Practical Magic,1998,21,78,,tt0120791
912,The Hudsucker Proxy,1994,21,78,,tt0110074
913,Being John Malkovich,1999,21,78,,tt0120601
914,A Night at the Roxbury,1998,21,78,,tt0120770
915,"The Adventures of Priscilla, Queen of the Desert",1994,21,78,,tt0109045
916,The Incredibles,2004,21,78,,tt0317705
917,Holes,2003,21,78,,tt0311289
918,25th Hour,2002,21,78,,tt0307901
919,Hitchcock,2012,21,78,,tt0975645
920,Orgy of the Dead,1965,21,78,,tt0054240
921,Drugstore Cowboy,1989,21,78,,tt0097240
922,Hope and Glory,1987,21,78,,tt0093209
923,A Serious Man,2009,21,78,,tt1019452
924,Cursed,2005,21,78,,tt0257516
925,The Fourth Kind,2009,21,78,,tt1220198
926,Defending Your Life,1991,21,78,,tt0101698
927,Lost in America,1985,21,78,,tt0089504
928,Pitch Black,2000,21,78,,tt0134847
929,The Long Kiss Goodnight,1996,21,78,,tt0116908
930,The 40-Year-Old Virgin,2005,21,78,,tt0405422
931,30 Days of Night,2007,21,78,,tt0389722
932,V for Vendetta,2005,21,78,,tt0434409
933,The Lord of the Rings: The Fellowship of the Ring,2001,21,78,,tt0120737
934,The Lord of the Rings: The Return of the King,2003,21,78,,tt0167260
935,The Lord of the Rings: The Two Towers,2002,21,78,,tt0167261
936,Lost in Space,1998,21,78,,tt0120738
937,Pacific Rim,2013,21,78,,tt1663662
938,Last Man Standing,1996,21,78,,tt0116830
939,Glory,1989,21,78,,tt0097441
940,Brick Mansions,2014,21,78,,tt1430612
941,Red Heat,1988,21,78,,tt0095963
942,Rampart,2011,21,78,,tt1640548
943,All the President's Men,1976,21,78,,tt0074119
944,The Rover,2014,21,78,,tt2345737
945,Sicario,2015,21,78,,tt3397884
946,End of Watch,2012,21,78,,tt1855199
947,The Number 23,2007,21,78,,tt0481369
948,Beowulf & Grendel,2005,21,78,,tt0402057
949,Beowulf,2007,21,78,,tt0442933
950,Creepshow,1982,21,78,,tt0083767
951,The Big Easy,1986,21,78,,tt0092654
952,Julius Caesar,1953,21,78,,tt0045943
953,Heaven Is for Real,2014,21,78,,tt1929263
954,The Rocketeer,1991,21,78,,tt0102803
955,Spawn,1997,21,78,,tt0120177
956,Blazing Saddles,1974,21,78,,tt0071230
957,The Way of the Gun,2000,21,78,,tt0202677
958,The Place Beyond the Pines,2012,21,78,,tt1817273
959,Private Benjamin,1980,21,78,,tt0081375
960,A Beautiful Mind,2001,21,78,,tt0268978
961,Bird on a Wire,1990,21,78,,tt0099141
962,Self/less,2015,21,78,,tt2140379
963,Duplex,2003,21,78,,tt0266489
964,Star Wars: Episode VII - The Force Awakens,2015,21,78,,tt2488496
965,Animal Kingdom,2010,21,78,,tt1313092
966,GoldenEye,1995,21,78,,tt0113189
967,Evidence,2013,21,78,,tt1828970
968,Interstellar,2014,21,78,,tt0816692
969,The Equalizer,2014,21,78,,tt0455944
970,Life Is Beautiful,1997,21,78,,tt0118799
971,Street Fighter: The Legend of Chun-Li,2009,21,78,,tt0891592
972,A Good Year,2006,21,78,,tt0401445
973,The Lost Boys,1987,21,78,,tt0093437
974,Wall Street,1987,21,78,,tt0094291
975,The Lorax,2012,21,78,,tt1482459
976,Looney Tunes: Back in Action,2003,21,78,,tt0318155
977,Still Alice,2014,21,78,,tt3316960
978,The Hills Have Eyes,2006,21,78,,tt0454841
979,Highlander,1986,21,78,,tt0091203
980,The Hitchhiker's Guide to the Galaxy,2005,21,78,,tt0371724
981,Little Athens,2005,21,78,,tt0417907
982,Hollow Man,2000,21,78,,tt0164052
983,Get Carter,2000,21,78,,tt0208988
984,Get Low,2009,21,78,,tt1194263
985,Get Shorty,1995,21,78,,tt0113161
986,The Getaway,1972,21,78,,tt0068638
987,Ghost,1990,21,78,,tt0099653
988,Sounder,1972,21,78,,tt0069303
989,The Sorcerer's Apprentice,2010,21,78,,tt0963966
990,Straw Dogs,2011,21,78,,tt0999913
991,Spacejacked,1997,21,78,,tt0120174
992,Space Cowboys,2000,21,78,,tt0186566
993,Life,1999,21,78,,tt0123964
994,Life as a House,2001,21,78,,tt0264796
995,Sorority Row,2009,21,78,,tt1232783
996,Final Destination 3,2006,21,78,,tt0414982
997,Shark Night 3D,2011,21,78,,tt1633356
998,The Collection,2012,21,78,,tt1748227
999,Face/Off,1997,21,78,,tt0119094
1000,Fury,2014,21,78,,tt2713180
1001,Blade Runner,1982,21,78,,tt0083658
1002,Executive Decision,1996,21,78,,tt0116253
1003,Fast Times at Ridgemont High,1982,21,78,,tt0083929
1004,Blade,1998,21,78,,tt0120611
1005,Inglourious Basterds,2009,21,78,,tt0361748
1006,Black Swan,2010,21,78,,tt0947798
1007,Ferris Bueller's Day Off,1986,21,78,,tt0091042
1008,Blade II,2002,21,78,,tt0187738
1009,Silver Streak,1976,21,78,,tt0075223
1010,The Distinguished Gentleman,1992,21,78,,tt0104114
1011,The Insider,1999,21,78,,tt0140352
1012,Innerspace,1987,21,78,,tt0093260
1013,Insomnia,2002,21,78,,tt0278504
1014,Insidious,2010,21,78,,tt1591095
1015,Saw IV,2007,21,78,,tt0890870
1016,The Sessions,2012,21,78,,tt1866249
1017,The Box,2009,21,78,,tt0362478
1018,Serenity,2005,21,78,,tt0379786
1019,The Bourne Ultimatum,2007,21,78,,tt0440963
1020,The Bourne Supremacy,2004,21,78,,tt0372183
1021,The Bourne Identity,2002,21,78,,tt0258463
1022,Sense and Sensibility,1995,21,78,,tt0114388
1023,Defiance,2008,21,78,,tt1034303
1024,Death to Smoochy,2002,21,78,,tt0266452
1025,Deception,2008,21,78,,tt0800240
1026,Deep Cover,1992,21,78,,tt0104073
1027,The Deer Hunter,1978,21,78,,tt0077416
1028,Blood Diamond,2006,21,78,,tt0450259
1029,Munich,2005,21,78,,tt0408306
1030,Mr. & Mrs. Smith,2005,21,78,,tt0356910
1031,White Angel,1994,21,78,,tt0108558
1032,Whip It,2009,21,78,,tt1172233
1033,Where the Wild Things Are,2009,21,78,,tt0386117
1034,Who Framed Roger Rabbit,1988,21,78,,tt0096438
1035,The Island,2005,21,78,,tt0399201
1036,The Island of Dr. Moreau,1996,21,78,,tt0116654
1037,Hot Fuzz,2007,21,78,,tt0425112
1038,Big Fish,2003,21,78,,tt0319061
1039,Black Rain,1989,21,78,,tt0096933
1040,The Black Dahlia,2006,21,78,,tt0387877
1041,Hatchet,2006,21,78,,tt0422401
1042,Pariah,2011,21,78,,tt1233334
1043,Hatchet III,2013,21,78,,tt1870419
1044,ParaNorman,2012,21,78,,tt1623288
1045,The Ides of March,2011,21,78,,tt1124035
1046,Moonstruck,1987,21,78,,tt0093565
1047,Moonrise Kingdom,2012,21,78,,tt1748122
1048,Moon,2009,21,78,,tt1182345
1049,Monte Carlo,2011,21,78,,tt1067774
1050,Monster's Ball,2001,21,78,,tt0285742
1051,Capricorn One,1978,21,78,,tt0077294
1052,Boxing Helena,1993,21,78,,tt0106471
1053,Jacob's Ladder,1990,21,78,,tt0099871
1054,Spaceballs,1987,21,78,,tt0094012
1055,Army of Darkness,1992,21,78,,tt0106308
1056,Armageddon,1998,21,78,,tt0120591
1057,Argo,2012,21,78,,tt1024648
1058,Halloween,2007,21,78,,tt0373883
1059,Halloween 4: The Return of Michael Myers,1988,21,78,,tt0095271
1060,Halloween H20: 20 Years Later,1998,21,78,,tt0120694
1061,Halloween: Resurrection,2002,21,78,,tt0220506
1062,Repo Man,1984,21,78,,tt0087995
1063,The Replacements,2000,21,78,,tt0191397
1064,Beginners,2010,21,78,,tt1532503
1065,Horrible Bosses 2,2014,21,78,,tt2170439
1066,Farewell to the King,1989,21,78,,tt0097334
1067,Remember,2015,21,78,,tt3704050
1068,Shrek the Third,2007,21,78,,tt0413267
1069,Point Break,1991,21,78,,tt0102685
1070,Pleasantville,1998,21,78,,tt0120789
1071,Platoon,1986,21,78,,tt0091763
1072,White Squall,1996,21,78,,tt0118158
1073,Whiteout,2009,21,78,,tt0365929
1074,The Wild Bunch,1969,21,78,,tt0065214
1075,Candyman,1992,21,78,,tt0103919
1076,Scarface,1983,21,78,,tt0086250
1077,Semi-Pro,2008,21,78,,tt0839980
1078,Mala Noche,1986,21,78,,tt0089537
1079,My Own Private Idaho,1991,21,78,,tt0102494
1080,The Seventh Seal,1957,21,78,,tt0050976
1081,Shaun of the Dead,2004,21,78,,tt0365748
1082,Mary Shelley's Frankenstein,1994,21,78,,tt0109836
1083,Smashed,2012,21,78,,tt2063781
1084,Frailty,2001,21,78,,tt0264616
1085,Flightplan,2005,21,78,,tt0408790
1086,For Colored Girls,2010,21,78,,tt1405500
1087,28 Weeks Later,2007,21,78,,tt0463854
1088,Something Wild,1986,21,78,,tt0091983
1089,Young Adult,2011,21,78,,tt1625346
1090,The Great Outdoors,1988,21,78,,tt0095253
1091,Pan,2015,21,78,,tt3332064
1092,Straight Outta Compton,2015,21,78,,tt1398426
1093,Stuart Little,1999,21,78,,tt0164912
1094,Blade: Trinity,2004,21,78,,tt0359013
1095,The Cable Guy,1996,21,78,,tt0115798
1096,The Duchess,2008,21,78,,tt0864761
1097,"The Chronicles of Narnia: The Lion, the Witch and the Wardrobe",2005,21,78,,tt0363771
1098,Emma,1996,21,78,,tt0116191
1099,The Corruptor,1999,21,78,,tt0142192
1100,Crash,2004,21,78,,tt0375679
1101,Conviction,2010,21,78,,tt1244754
1102,Cool Hand Luke,1967,21,78,,tt0061512
1103,Cop Out,2010,21,78,,tt1385867
1104,The Crazies,2010,21,78,,tt0455407
1105,The Fighter,2010,21,78,,tt0964517
1106,The Visitor,2007,21,78,,tt0857191
1107,Field of Dreams,1989,21,78,,tt0097351
1108,Wag the Dog,1997,21,78,,tt0120885
1109,The Lookout,2007,21,78,,tt0427470
1110,Chain Reaction,1996,21,78,,tt0115857
1111,Little Miss Sunshine,2006,21,78,,tt0449059
1112,Logan's Run,1976,21,78,,tt0074812
1113,Little Children,2006,21,78,,tt0404203
1114,The Hunt for Red October,1990,21,78,,tt0099810
1115,I Am Number Four,2011,21,78,,tt1464540
1116,Human Nature,2001,21,78,,tt0219822
1117,Public Enemies,2009,21,78,,tt1152836
1118,Coriolanus,2011,21,78,,tt1372686
1119,Garden State,2004,21,78,,tt0333766
1120,Gang Related,1997,21,78,,tt0118900
1121,The Imaginarium of Doctor Parnassus,2009,21,78,,tt1054606
1122,Shadow of the Vampire,2000,21,78,,tt0189998
1123,In the Bedroom,2001,21,78,,tt0247425
1124,In the Loop,2009,21,78,,tt1226774
1125,Tremors,1990,21,78,,tt0100814
1126,The Ice Storm,1997,21,78,,tt0119349
1127,Star Trek: Nemesis,2002,21,78,,tt0253754
1128,The Last Flight,1931,21,78,,tt0022054
1129,Star Trek: First Contact,1996,21,78,,tt0117731
1130,Star Trek: Insurrection,1998,21,78,,tt0120844
1131,Tristan + Isolde,2006,21,78,,tt0375154
1132,Star Trek: Generations,1994,21,78,,tt0111280
1133,Inception,2010,21,78,,tt1375666
1134,Star Trek VI: The Undiscovered Country,1991,21,78,,tt0102975
1135,Star Trek V: The Final Frontier,1989,21,78,,tt0098382
1136,Isle of the Dead,1945,21,78,,tt0037820
1137,Body Heat,1981,21,78,,tt0082089
1138,"Bodies, Rest & Motion",1993,21,78,,tt0106447
1139,The Counselor,2013,21,78,,tt2193215
1140,Bones,2001,21,78,,tt0166110
1141,Groundhog Day,1993,21,78,,tt0107048
1142,Grosse Pointe Blank,1997,21,78,,tt0119229
1143,Gremlins 2: The New Batch,1990,21,78,,tt0099700
1144,The Seventh Victim,1943,21,78,,tt0036341
1145,Gremlins,1984,21,78,,tt0087363
1146,Daddy's Home,2015,21,78,,tt1528854
1147,Short Term 12,2013,21,78,,tt2370248
1148,Shoot the Moon,1982,21,78,,tt0084675
1149,Halloween: The Curse of Michael Myers,1995,21,78,,tt0113253
1150,Friends with Benefits,2011,21,78,,tt1632708
1151,Captain Phillips,2013,21,78,,tt1535109
1152,Death at a Funeral,2010,21,78,,tt1321509
1153,Date Night,2010,21,78,,tt1279935
1154,Complete Guide to Guys,2005,21,78,,tt0407680
1155,Interview with the Vampire: The Vampire Chronicles,1994,21,78,,tt0110148
1156,Into the Wild,2007,21,78,,tt0758758
1157,Inventing the Abbotts,1997,21,78,,tt0119381
1158,The Breakfast Club,1985,21,78,,tt0088847
1159,Starred Up,2013,21,78,,tt2567712
1160,Motel Hell,1980,21,78,,tt0081184
1161,The Searchers,1956,21,78,,tt0049730
1162,Se7en,1995,21,78,,tt0114369
1163,Philomena,2013,21,78,,tt2431286
1164,Scream 3,2000,21,78,,tt0134084
1165,Tender Mercies,1983,21,78,,tt0086423
1166,Terms of Endearment,1983,21,78,,tt0086425
1167,The Witches of Eastwick,1987,21,78,,tt0094332
1168,Terminator 2: Judgment Day,1991,21,78,,tt0103064
1169,Scott Pilgrim vs. the World,2010,21,78,,tt0446029
1170,Double Indemnity,1944,21,78,,tt0036775
1171,Dragonslayer,1981,21,78,,tt0082288
1172,Do the Right Thing,1989,21,78,,tt0097216
1173,Stepmom,1998,21,78,,tt0120686
1174,Dog Day Afternoon,1975,21,78,,tt0072890
1175,Donnie Brasco,1997,21,78,,tt0119008
1176,Lethal Weapon 4,1998,21,78,,tt0122151
1177,Les Misérables,2012,21,78,,tt1707386
1178,Cliffhanger,1993,21,78,,tt0106582
1179,Clerks,1994,21,78,,tt0109445
1180,Clueless,1995,21,78,,tt0112697
1181,The Elephant Man,1980,21,78,,tt0080678
1182,Elizabeth: The Golden Age,2007,21,78,,tt0414055
1183,What Price Hollywood?,1932,21,78,,tt0023686
1184,The Wedding Singer,1998,21,78,,tt0120888
1185,One Chance,2013,21,78,,tt1196956
1186,The Others,2001,21,78,,tt0230600
1187,Outbreak,1995,21,78,,tt0114069
1188,Brazil,1985,21,78,,tt0088846
1189,Bringing Out the Dead,1999,21,78,,tt0163988
1190,Braveheart,1995,21,78,,tt0112573
1191,Broken Arrow,1996,21,78,,tt0115759
1192,In the Mouth of Madness,1994,21,78,,tt0113409
1193,The Ward,2010,21,78,,tt1369706
1194,Papadopoulos & Sons,2012,21,78,,tt2006810
1195,Kick-Ass,2010,21,78,,tt1250777
1196,Pandorum,2009,21,78,,tt1188729
1197,Mystery Men,1999,21,78,,tt0132347
1198,My Week with Marilyn,2011,21,78,,tt1655420
1199,Working Girl,1988,21,78,,tt0096463
1200,Borderland,2007,21,78,,tt0452592
1201,Intolerable Cruelty,2003,21,78,,tt0138524
1202,Wonderland,2003,21,78,,tt0335563
1203,The Italian Job,2003,21,78,,tt0317740
1204,The Invention of Lying,2009,21,78,,tt1058017
1205,Cirque du Freak: The Vampire's Assistant,2009,21,78,,tt0450405
1206,A Most Violent Year,2014,21,78,,tt2937898
1207,Apt Pupil,1998,21,78,,tt0118636
1208,Arbitrage,2012,21,78,,tt1764183
1209,Arctic Blue,1993,21,78,,tt0106303
1210,The Great Muppet Caper,1981,21,78,,tt0082474
1211,Red Planet,2000,21,78,,tt0199753
1212,Nashville,1975,21,78,,tt0073440
1213,Green Zone,2010,21,78,,tt0947810
1214,My Cousin Vinny,1992,21,78,,tt0104952
1215,American Graffiti,1973,21,78,,tt0069704
1216,American Gangster,2007,21,78,,tt0765429
1217,Greenberg,2010,21,78,,tt1234654
1218,Real Genius,1985,21,78,,tt0089886
1219,Rambo: First Blood Part II,1985,21,78,,tt0089880
1220,Vacancy,2007,21,78,,tt0452702
1221,Cloud Atlas,2012,21,78,,tt1371111
1222,Wish I Was Here,2014,21,78,,tt2870708
1223,The Postman,1997,21,78,,tt0119925
1224,The Stepford Wives,1975,21,78,,tt0073747
1225,Precious,2009,21,78,,tt0929632
1226,We Own the Night,2007,21,78,,tt0498399
1227,While She Was Out,2008,21,78,,tt0887971
1228,White Christmas,1954,21,78,,tt0047673
1229,Watchmen,2009,21,78,,tt0409459
1230,Seven Samurai,1954,21,78,,tt0047478
1231,Kagemusha,1980,21,78,,tt0080979
1232,Serial Mom,1994,21,78,,tt0111127
1233,Snake Eyes,1998,21,78,,tt0120832
1234,Before Sunset,2004,21,78,,tt0381681
1235,Big Eyes,2014,21,78,,tt1126590
1236,Casualties of War,1989,21,78,,tt0097027
1237,The Babadook,2014,21,78,,tt2321549
1238,Jason Goes to Hell: The Final Friday,1993,21,78,,tt0107254
1239,Jason Lives: Friday the 13th Part VI,1986,21,78,,tt0091080
1240,Friday the 13th Part III,1982,21,78,,tt0083972
1241,Exodus: Gods and Kings,2014,21,78,,tt1528100
1242,Oculus,2013,21,78,,tt2388715
1243,Disturbia,2007,21,78,,tt0486822
1244,The Body Snatcher,1945,21,78,,tt0037549
1245,Blue Valentine,2010,21,78,,tt1120985
1246,Deconstructing Harry,1997,21,78,,tt0118954
1247,Witness for the Prosecution,1957,21,78,,tt0051201
1248,Bullets Over Broadway,1994,21,78,,tt0109348
1249,Diabolique,1996,21,78,,tt0116095
1250,Kiss of Death,1995,21,78,,tt0113552
1251,Domino,2005,21,78,,tt0421054
1252,The Doom Generation,1995,21,78,,tt0112887
1253,Talladega Nights: The Ballad of Ricky Bobby,2006,21,78,,tt0415306
1254,Lethal Weapon,1987,21,78,,tt0093409
1255,Five Feet High and Rising,2000,21,78,,tt0240507
1256,The Punisher,2004,21,78,,tt0330793
1257,Hulk,2003,21,78,,tt0286716
1258,Spider-Man 2,2004,21,78,,tt0316654
1259,Crazy Heart,2009,21,78,,tt1263670
1260,The Tourist,2010,21,78,,tt1243957
1261,World Trade Center,2006,21,78,,tt0469641
1262,True Romance,1993,21,78,,tt0108399
1263,Finding Nemo,2003,21,78,,tt0266543
1264,Final Destination 2,2003,21,78,,tt0309593
1265,Hudson Hawk,1991,21,78,,tt0102070
1266,How to Lose Friends & Alienate People,2008,21,78,,tt0455538
1267,How to Train Your Dragon 2,2014,21,78,,tt1646971
1268,How to Train Your Dragon,2010,21,78,,tt0892769
1269,Gandhi,1982,21,78,,tt0083987
1270,Star Trek IV: The Voyage Home,1986,21,78,,tt0092007
1271,Star Trek III: The Search for Spock,1984,21,78,,tt0088170
1272,I Still Know What You Did Last Summer,1998,21,78,,tt0130018
1273,I Spit on Your Grave,2010,21,78,,tt1242432
1274,Legend,2015,21,78,,tt3569230
1275,I Love You Phillip Morris,2009,21,78,,tt1045772
1276,Sneakers,1992,21,78,,tt0105435
1277,I Am Sam,2001,21,78,,tt0277027
1278,The Spectacular Now,2013,21,78,,tt1714206
1279,Stand by Me,1986,21,78,,tt0092005
1280,Stalag 17,1953,21,78,,tt0046359
1281,Star Trek: The Motion Picture,1979,21,78,,tt0079945
1282,Blood Simple.,1984,21,78,,tt0086979
1283,Jack Goes Boating,2010,21,78,,tt1278379
1284,Blow,2001,21,78,,tt0221027
1285,Wind Chill,2007,21,78,,tt0486051
1286,Blue Velvet,1986,21,78,,tt0090756
1287,Willow,1988,21,78,,tt0096446
1288,Jaws 3-D,1983,21,78,,tt0085750
1289,Win Win,2011,21,78,,tt1606392
1290,Wild Things,1998,21,78,,tt0120890
1291,Wild Wild West,1999,21,78,,tt0120891
1292,Nebraska,2013,21,78,,tt1821549
1293,National Treasure,2004,21,78,,tt0368891
1294,Near Dark,1987,21,78,,tt0093605
1295,Gothika,2003,21,78,,tt0348836
1296,Seven Days to Live,2000,21,78,,tt0221928
1297,Network,1976,21,78,,tt0074958
1298,Dark Star,1974,21,78,,tt0069945
1299,The Smurfs,2011,21,78,,tt0472181
1300,Salt,2010,21,78,,tt0944835
1301,Resident Evil: Retribution,2012,21,78,,tt1855325
1302,Dark City,1998,21,78,,tt0118929
1303,Dances with Wolves,1990,21,78,,tt0099348
1304,The Dark Knight,2008,21,78,,tt0468569
1305,Battle of the Year,2013,21,78,,tt1532958
1306,Pompeii,2014,21,78,,tt1921064
1307,The Thin Man,1934,21,78,,tt0025878
1308,Thief,1981,21,78,,tt0083190
1309,The Iron Lady,2011,21,78,,tt1007029
1310,Invictus,2009,21,78,,tt1057500
1311,Autumn in New York,2000,21,78,,tt0174480
1312,Primal Fear,1996,21,78,,tt0117381
1313,When Harry Met Sally...,1989,21,78,,tt0098635
1314,Wedding Crashers,2005,21,78,,tt0396269
1315,8MM,1999,21,78,,tt0134273
1316,Edward Scissorhands,1990,21,78,,tt0099487
1317,Eagle Eye,2008,21,78,,tt1059786
1318,Star Wars: Episode V - The Empire Strikes Back,1980,21,78,,tt0080684
1319,Duck Soup,1933,21,78,,tt0023969
1320,Valkyrie,2008,21,78,,tt0985699
1321,The Doors,1991,21,78,,tt0101761
1322,Last Tango in Paris,1972,21,78,,tt0070849
1323,The Last Station,2009,21,78,,tt0824758
1324,Leaving Las Vegas,1995,21,78,,tt0113627
1325,Mars Attacks!,1996,21,78,,tt0116996
1326,Rabbit Hole,2010,21,78,,tt0935075
1327,Quiz Show,1994,21,78,,tt0110932
1328,Pineapple Express,2008,21,78,,tt0910936
1329,Escape from L.A.,1996,21,78,,tt0116225
1330,Eyes Wide Shut,1999,21,78,,tt0120663
1331,The Princess Bride,1987,21,78,,tt0093779
1332,The Watermelon Woman,1996,21,78,,tt0118125
1333,We Need to Talk About Kevin,2011,21,78,,tt1242460
1334,The Three Musketeers,1993,21,78,,tt0108333
1335,Three Kings,1999,21,78,,tt0120188
1336,Thunderbirds,2004,21,78,,tt0167456
1337,Mallrats,1995,21,78,,tt0113749
1338,"I, Robot",2004,21,78,,tt0343818
1339,In Bruges,2008,21,78,,tt0780536
1340,Mumford,1999,21,78,,tt0140397
1341,The Bounty Hunter,2010,21,78,,tt1038919
1342,Mulan,1998,21,78,,tt0120762
1343,Lost Souls,2000,21,78,,tt0160484
1344,Mulholland Drive,2001,21,78,,tt0166924
1345,The Battle of Algiers,1966,21,78,,tt0058946
1346,The Bonfire of the Vanities,1990,21,78,,tt0099165
1347,Mute Witness,1995,21,78,,tt0110604
1348,Music of the Heart,1999,21,78,,tt0166943
1349,Ghost Town,2008,21,78,,tt0995039
1350,Only God Forgives,2013,21,78,,tt1602613
1351,The Outsiders,1983,21,78,,tt0086066
1352,Ordinary People,1980,21,78,,tt0081283
1353,Out of Sight,1998,21,78,,tt0120780
1354,August: Osage County,2013,21,78,,tt1322269
1355,Kundun,1997,21,78,,tt0119485
1356,Another Year,2010,21,78,,tt1431181
1357,The Kingdom,2007,21,78,,tt0431197
1358,Amour,2012,21,78,,tt1602620
1359,The King of Comedy,1982,21,78,,tt0085794
1360,Ghostbusters,1984,21,78,,tt0087332
1361,Apocalypse Now,1979,21,78,,tt0078788
1362,Antz,1998,21,78,,tt0120587
1363,The Apartment,1960,21,78,,tt0053604
1364,Legion,2010,21,78,,tt1038686
1365,Leviathan,1989,21,78,,tt0097737
1366,Analyze That,2002,21,78,,tt0289848
1367,Law Abiding Citizen,2009,21,78,,tt1197624
1368,(500) Days of Summer,2009,21,78,,tt1022603
1369,An American Werewolf in London,1981,21,78,,tt0082010
1370,Harold and Maude,1971,21,78,,tt0067185
1371,Hardware,1990,21,78,,tt0099740
1372,Hardcore,1979,21,78,,tt0079271
1373,Priest,2011,21,78,,tt0822847
1374,Pride & Prejudice,2005,21,78,,tt0414387
1375,Harper,1966,21,78,,tt0060490
1376,Waterworld,1995,21,78,,tt0114898
1377,Tin Cup,1996,21,78,,tt0117918
1378,Tin Men,1987,21,78,,tt0094155
1379,She's Out of My League,2010,21,78,,tt0815236
1380,Shivers,1975,21,78,,tt0073705
1381,Signs,2002,21,78,,tt0286106
1382,Silver Bullet,1985,21,78,,tt0090021
1383,Wild,2014,21,78,,tt2305051
1384,Alfie,2004,21,78,,tt0375173
1385,The Fifth Estate,2013,21,78,,tt1837703
1386,Time After Time,1979,21,78,,tt0080025
1387,The Seven-Per-Cent Solution,1976,21,78,,tt0075194
1388,Fear of Clowns,2004,21,78,,tt0362636
1389,The Judge,2014,21,78,,tt1872194
1390,Purple Rain,1984,21,78,,tt0087957
1391,Pulp Fiction,1994,21,78,,tt0110912
1392,The Guest,2014,21,78,,tt2980592
1393,The Prophecy,1995,21,78,,tt0114194
1394,Punch-Drunk Love,2002,21,78,,tt0272338
1395,The Proposal,2009,21,78,,tt1041829
1396,Psycho,1960,21,78,,tt0054215
1397,Terminator Genisys,2015,21,78,,tt1340138
1398,The Final Girls,2015,21,78,,tt2118624
1399,The Green Inferno,2013,21,78,,tt2403021
1400,Kingsman: The Secret Service,2014,21,78,,tt2802144
1401,You're Next,2011,21,78,,tt1853739
1402,The Queen,2006,21,78,,tt0436697
1403,The Brave One,2007,21,78,,tt0476964
1404,Boy Who Never Slept,2006,21,78,,tt1781782
1405,The Boondock Saints II: All Saints Day,2009,21,78,,tt1300851
1406,Boiler Room,2000,21,78,,tt0181984
1407,The Diving Bell and the Butterfly,2007,21,78,,tt0401383
1408,Dinner for Schmucks,2010,21,78,,tt0427152
1409,Pirates of the Caribbean: The Curse of the Black Pearl,2003,21,78,,tt0325980
1410,Pirates of the Caribbean: Dead Man's Chest,2006,21,78,,tt0383574
1411,Pirates of the Caribbean: At World's End,2007,21,78,,tt0449088
1412,Unstoppable,2010,21,78,,tt0477080
1413,Revenge,1990,21,78,,tt0100485
1414,Into the Night,1985,21,78,,tt0089346
1415,Trading Places,1983,21,78,,tt0086465
1416,Coming to America,1988,21,78,,tt0094898
1417,Art School Confidential,2006,21,78,,tt0364955
1418,Big Fan,2009,21,78,,tt1228953
1419,Vanilla Sky,2001,21,78,,tt0259711
1420,The Curse of the Cat People,1944,21,78,,tt0036733
1421,Dallas Buyers Club,2013,21,78,,tt0790636
1422,Troy,2004,21,78,,tt0332452
1423,True Believer,1989,21,78,,tt0098524
1424,True Lies,1994,21,78,,tt0111503
1425,Limitless,2011,21,78,,tt1219289
1426,Halloween 5,1989,21,78,,tt0097474
1427,Escape from Alcatraz,1979,21,78,,tt0079116
1428,The Cutting Edge,1992,21,78,,tt0104040
1429,Game 6,2005,21,78,,tt0425055
1430,Funny People,2009,21,78,,tt1201167
1431,Full Metal Jacket,1987,21,78,,tt0093058
1432,A Man Apart,2003,21,78,,tt0266465
1433,San Andreas,2015,21,78,,tt2126355
1434,Blades of Glory,2007,21,78,,tt0445934
1435,Everything Must Go,2010,21,78,,tt1531663
1436,The Runaways,2010,21,78,,tt1017451
1437,Jeepers Creepers II,2003,21,78,,tt0301470
1438,Jaws: The Revenge,1987,21,78,,tt0093300
1439,The Jerk,1979,21,78,,tt0079367
1440,The Wolf of Wall Street,2013,21,78,,tt0993846
1441,Bound,1996,21,78,,tt0115736
1442,Jonah Hex,2010,21,78,,tt1075747
1443,The Boondock Saints,1999,21,78,,tt0144117
1444,Bottle Rocket,1996,21,78,,tt0115734
1445,Sea of Love,1989,21,78,,tt0098273
1446,Never Let Me Go,2010,21,78,,tt1334260
1447,Scream,1996,21,78,,tt0117571
1448,The Debt,2010,21,78,,tt1226753
1449,The Secret Life of Walter Mitty,2013,21,78,,tt0359950
1450,Ginger Snaps,2000,21,78,,tt0210070
1451,Secretariat,2010,21,78,,tt1028576
1452,Deep Rising,1998,21,78,,tt0118956
1453,Pixels,2015,21,78,,tt2120120
1454,The Black Cauldron,1985,21,78,,tt0088814
1455,Twelve Monkeys,1995,21,78,,tt0114746
1456,Dracula Untold,2014,21,78,,tt0829150
1457,The Twilight Saga: Eclipse,2010,21,78,,tt1325004
1458,The Twilight Saga: New Moon,2009,21,78,,tt1259571
1459,Twin Peaks: Fire Walk with Me,1992,21,78,,tt0105665
1460,It's a Wonderful Life,1946,21,78,,tt0038650
1461,It's Complicated,2009,21,78,,tt1230414
1462,Virtuosity,1995,21,78,,tt0114857
1463,The Utah Murder Project,2006,21,78,,tt0831374
1464,Star Wars: Episode III - Revenge of the Sith,2005,21,78,,tt0121766
1465,Christ Complex,2012,21,78,,tt2416048
1466,Chronicle,2012,21,78,,tt1706593
1467,Bloodfist VII: Manhunt,1995,21,78,,tt0112533
1468,Mandingo,1975,21,78,,tt0073349
1469,French Connection II,1975,21,78,,tt0073018
1470,Ratatouille,2007,21,78,,tt0382932
1471,Rails & Ties,2007,21,78,,tt0822849
1472,The Revenant,2015,21,78,,tt1663202
1473,Seeking a Friend for the End of the World,2012,21,78,,tt1307068
1474,Frost/Nixon,2008,21,78,,tt0870111
1475,The Time Machine,2002,21,78,,tt0268695
1476,Timber Falls,2007,21,78,,tt0857295
1477,Lions for Lambs,2007,21,78,,tt0891527
1478,World War Z,2013,21,78,,tt0816711
1479,Hot Stuff,1979,21,78,,tt0079308
1480,The Hills Have Eyes,1977,21,78,,tt0077681
1481,Donnie Darko,2001,21,78,,tt0246578
1482,Amadeus,1984,21,78,,tt0086879
1483,Basic Instinct,1992,21,78,,tt0103772
1484,Mimic,1997,21,78,,tt0119675
1485,Barry Lyndon,1975,21,78,,tt0072684
1486,Barton Fink,1991,21,78,,tt0101410
1487,Bamboozled,2000,21,78,,tt0215545
1488,Bad Lieutenant,1992,21,78,,tt0103759
1489,Norma Rae,1979,21,78,,tt0079638
1490,Shopgirl,2005,21,78,,tt0338427
1491,Elizabeth,1998,21,78,,tt0127536
1492,Prince of Darkness,1987,21,78,,tt0093777
1493,They Live,1988,21,78,,tt0096256
1494,Home Alone,1990,21,78,,tt0099785
1495,Taken,2008,21,78,,tt0936501
1496,Father of the Bride,1991,21,78,,tt0101862
1497,Jimmy and Judy,2006,21,78,,tt0425151
1498,John Q,2002,21,78,,tt0251160
1499,Jurassic Park III,2001,21,78,,tt0163025
1500,The Deep End of the Ocean,1999,21,78,,tt0120646
1501,Kafka,1991,21,78,,tt0102181
1502,Antitrust,2001,21,78,,tt0218817
1503,Anonymous,2011,21,78,,tt1521197
1504,The Anniversary Party,2001,21,78,,tt0254099
1505,Fight Club,1999,21,78,,tt0137523
1506,Me Him Her,2015,21,78,,tt2507238
1507,Happy Campers,2001,21,78,,tt0210094
1508,The Last Boy Scout,1991,21,78,,tt0102266
1509,All the Pretty Horses,2000,21,78,,tt0149624
1510,Black Christmas,2006,21,78,,tt0454082
1511,L.A. Confidential,1997,21,78,,tt0119488
1512,Dr. Jekyll and Mr. Hyde,1941,21,78,,tt0033553
1513,The Private Life of Sherlock Holmes,1970,21,78,,tt0066249
1514,The Producers,2005,21,78,,tt0395251
1515,The Program,1993,21,78,,tt0107889
1516,Major League,1989,21,78,,tt0097815
1517,Magnolia,1999,21,78,,tt0175880
1518,Soldier,1998,21,78,,tt0120157
1519,Hyde Park on Hudson,2012,21,78,,tt1477855
1520,I Smile Back,2015,21,78,,tt3640682
1521,Grandma,2015,21,78,,tt4270516
1522,The Social Network,2010,21,78,,tt1285016
1523,The Town That Dreaded Sundown,2014,21,78,,tt2561546
1524,Anchorman: The Legend of Ron Burgundy,2004,21,78,,tt0357413
1525,It Follows,2014,21,78,,tt3235888
1526,I'll See You in My Dreams,2015,21,78,,tt3236120
1527,The Imitation Game,2014,21,78,,tt2084970
1528,Thunderheart,1992,21,78,,tt0105585
1529,3 Men and a Baby,1987,21,78,,tt0094137
1530,Thirteen Days,2000,21,78,,tt0146309
1531,Ticker,2001,21,78,,tt0196158
1532,This Boy's Life,1993,21,78,,tt0108330
1533,Finders Keepers: The Root of All Evil,2013,21,78,,tt2219868
1534,The Fisher King,1991,21,78,,tt0101889
1535,Snatch.,2000,21,78,,tt0208092
1536,The Silence of the Lambs,1991,21,78,,tt0102926
1537,Sister Act,1992,21,78,,tt0105417
1538,The Weather Man,2005,21,78,,tt0384680
1539,127 Hours,2010,21,78,,tt1542344
1540,Anatomy of a Murder,1959,21,78,,tt0052561
1541,Space Jam,1996,21,78,,tt0117705
1542,Jeremiah Johnson,1972,21,78,,tt0068762
1543,Pain & Gain,2013,21,78,,tt1980209
1544,The Boy Next Door,2015,21,78,,tt3181822
1545,Selma,2014,21,78,,tt1020072
1546,The Power of One,1992,21,78,,tt0105159
1547,The Adventures of Buckaroo Banzai Across the 8th Dimension,1984,21,78,,tt0086856
1548,Above the Law,1988,21,78,,tt0094602
1549,Pretty Woman,1990,21,78,,tt0100405
1550,48 Hrs.,1982,21,78,,tt0083511
1551,Air Force One,1997,21,78,,tt0118571
1552,30 Minutes or Less,2011,21,78,,tt1622547
1553,Airplane!,1980,21,78,,tt0080339
1554,A Few Good Men,1992,21,78,,tt0104257
1555,Deliverance,1972,21,78,,tt0068473
1556,Despicable Me,2010,21,78,,tt1323594
1557,Shortcut to Happiness,2003,21,78,,tt0263265
1558,The Devil Wears Prada,2006,21,78,,tt0458352
1559,Three Days of the Condor,1975,21,78,,tt0073802
1560,American Sniper,2014,21,78,,tt2179136
1561,Barney's Version,2010,21,78,,tt1423894
1562,The Day the Clown Cried,1972,21,78,,tt0068451
1563,Scanners,1981,21,78,,tt0081455
1564,Curly Sue,1991,21,78,,tt0101635
1565,Career Opportunities,1991,21,78,,tt0101545
1566,The Three Stooges,2012,21,78,,tt0383010
1567,Dumb and Dumber To,2014,21,78,,tt2096672
1568,Cosmopolis,2012,21,78,,tt1480656
1569,Maleficent,2014,21,78,,tt1587310
1570,Pocahontas,1995,21,78,,tt0114148
1571,Dave,1993,21,78,,tt0106673
1572,Pitch Perfect,2012,21,78,,tt1981677
1573,Bright Star,2009,21,78,,tt0810784
1574,The Talented Mr. Ripley,1999,21,78,,tt0134119
1575,Under Fire,1983,21,78,,tt0086510
1576,The Ugly Truth,2009,21,78,,tt1142988
1577,The American President,1995,21,78,,tt0112346
1578,The Day The Earth Stood Still,1951,21,78,,tt0043456
1579,Days of Heaven,1978,21,78,,tt0077405
1580,Frozen River,2008,21,78,,tt0978759
1581,The Fugitive,1993,21,78,,tt0106977
1582,Fruitvale Station,2013,21,78,,tt2334649
1583,Frozen,2013,21,78,,tt2294629
1584,The Mist,2007,21,78,,tt0884328
1585,The Frighteners,1996,21,78,,tt0116365
1586,Dracula 2000,2000,21,78,,tt0219653
1587,Dracula,1992,21,78,,tt0103874
1588,Live and Let Die,1973,21,78,,tt0070328
1589,For Your Eyes Only,1981,21,78,,tt0082398
1590,Safety Not Guaranteed,2012,21,78,,tt1862079
1591,Schindler's List,1993,21,78,,tt0108052
1592,The Karate Kid,1984,21,78,,tt0087538
1593,The Book of Eli,2010,21,78,,tt1037705
1594,The Lost World: Jurassic Park,1997,21,78,,tt0119567
1595,Boogie Nights,1997,21,78,,tt0118749
1596,Bonnie and Clyde,1967,21,78,,tt0061418
1597,Jonah: A VeggieTales Movie,2002,21,78,,tt0298388
1598,Scary Movie 2,2001,21,78,,tt0257106
1599,Dead Poets Society,1989,21,78,,tt0097165
1600,Say Anything...,1989,21,78,,tt0098258
1601,Mrs. Winterbourne,1996,21,78,,tt0117104
1602,The Mummy: Tomb of the Dragon Emperor,2008,21,78,,tt0859163
1603,Gattaca,1997,21,78,,tt0119177
1604,Cloudy with a Chance of Meatballs 2,2013,21,78,,tt1985966
1605,Click,2006,21,78,,tt0389860
1606,2 Guns,2013,21,78,,tt1272878
1607,Arthur Christmas,2011,21,78,,tt1430607
1608,About Last Night,2014,21,78,,tt1826590
1609,Up Close & Personal,1996,21,78,,tt0118055
1610,Untraceable,2008,21,78,,tt0880578
1611,Away We Go,2009,21,78,,tt1176740
1612,Jackie Brown,1997,21,78,,tt0119396
1613,The Jacket,2005,21,78,,tt0366627
1614,Urban Legend,1998,21,78,,tt0146336
1615,St. Elmo's Fire,1985,21,78,,tt0090060
1616,Cape Fear,1991,21,78,,tt0101540
1617,Days of Thunder,1990,21,78,,tt0099371
1618,Deja Vu,2006,21,78,,tt0453467
1619,Pay the Ghost,2015,21,78,,tt3733778
1620,Clash of the Titans,2010,21,78,,tt0800320
1621,Rent,2005,21,78,,tt0294870
1622,Born on the Fourth of July,1989,21,78,,tt0096969
1623,Cinema Paradiso,1988,21,78,,tt0095765
1624,The Past,2013,21,78,,tt2404461
1625,Walking Tall,2004,21,78,,tt0351977
1626,Tinker Tailor Soldier Spy,2011,21,78,,tt1340800
1627,A Perfect Getaway,2009,21,78,,tt0971209
1628,Riddick,2013,21,78,,tt1411250
1629,To Sleep with Anger,1990,21,78,,tt0100791
1630,Knight Moves,1992,21,78,,tt0104627
1631,Letters from Iwo Jima,2006,21,78,,tt0498380
1632,Liar Liar,1997,21,78,,tt0119528
1633,Life on Liberty Street,2004,21,78,,tt0399281
1634,K-PAX,2001,21,78,,tt0272152
1635,Kramer vs. Kramer,1979,21,78,,tt0079417
1636,The Squid and the Whale,2005,21,78,,tt0367089
1637,Midnight Cowboy,1969,21,78,,tt0064665
1638,Miami Vice,2006,21,78,,tt0430357
1639,Bad Boys,1995,21,78,,tt0112442
1640,We're No Angels,1989,21,78,,tt0098625
1641,Awakenings,1990,21,78,,tt0099077
1642,Bachelor Party,1984,21,78,,tt0086927
1643,L'Avventura,1960,21,78,,tt0053619
1644,Killer Joe,2011,21,78,,tt1726669
1645,Seems Like Old Times,1980,21,78,,tt0081480
1646,The Marrying Man,1991,21,78,,tt0102411
1647,The Goodbye Girl,1977,21,78,,tt0076095
1648,The Odd Couple II,1998,21,78,,tt0120773
1649,Girl with a Pearl Earring,2003,21,78,,tt0335119
1650,Anna Karenina,2012,21,78,,tt1781769
1651,The Curious Case of Benjamin Button,2008,21,78,,tt0421715
1652,Analyze This,1999,21,78,,tt0122933
1653,An Education,2009,21,78,,tt1174732
1654,Angels & Demons,2009,21,78,,tt0808151
1655,Angel Eyes,2001,21,78,,tt0225071
1656,Bad Country,2014,21,78,,tt2350892
1657,Maximum Overdrive,1986,21,78,,tt0091499
1658,Hearts in Atlantis,2001,21,78,,tt0252501
1659,3 Days to Kill,2014,21,78,,tt2172934
1660,"Jeff, Who Lives at Home",2011,21,78,,tt1588334
1661,The Other Guys,2010,21,78,,tt1386588
1662,The Beaver,2011,21,78,,tt1321860
1663,Cyrus,2010,21,78,,tt1336617
1664,The Man Who Knew Too Much,1956,21,78,,tt0049470
1665,Man on the Moon,1999,21,78,,tt0125664
1666,Someone to Watch Over Me,1987,21,78,,tt0094008
1667,The Truman Show,1998,21,78,,tt0120382
1668,Frankenweenie,2012,21,78,,tt1142977
1669,Source Code,2011,21,78,,tt0945513
1670,Far from the Madding Crowd,2015,21,78,,tt2935476
1671,Ex Machina,2015,21,78,,tt0470752
1672,Rise of the Planet of the Apes,2011,21,78,,tt1318514
1673,Towelhead,2007,21,78,,tt0787523
1674,Unbreakable,2000,21,78,,tt0217869
1675,Get on Up,2014,21,78,,tt2473602
1676,Get Him to the Greek,2010,21,78,,tt1226229
1677,Spanglish,2004,21,78,,tt0371246
1678,Smokin' Aces,2006,21,78,,tt0475394
1679,So I Married an Axe Murderer,1993,21,78,,tt0108174
1680,Snow Falling on Cedars,1999,21,78,,tt0120834
1681,Something's Gotta Give,2003,21,78,,tt0337741
1682,Spare Me,1993,21,78,,tt0108200
1683,The Promotion,2008,21,78,,tt0803057
1684,W.,2008,21,78,,tt1175491
1685,The Whistleblower,2010,21,78,,tt0896872
1686,American Ultra,2015,21,78,,tt3316948
1687,42,2013,21,78,,tt0453562
1688,Alien Nation,1988,21,78,,tt0094631
1689,Ali,2001,21,78,,tt0248667
1690,Airplane II: The Sequel,1982,21,78,,tt0083530
1691,Talk to Her,2002,21,78,,tt0287467
1692,Philadelphia,1993,21,78,,tt0107818
1693,2012,2009,21,78,,tt1190080
1694,Pet Sematary,1989,21,78,,tt0098084
1695,The Green Mile,1999,21,78,,tt0120689
1696,Gloria,1980,21,78,,tt0080798
1697,Back to the Future Part II,1989,21,78,,tt0096874
1698,Back to the Future Part III,1990,21,78,,tt0099088
1699,Snowpiercer,2013,21,78,,tt1706620
1700,Sasquatch Mountain,2006,21,78,,tt0486569
1701,My Best Friend's Birthday,1987,21,78,,tt0359715
1702,The Wolfman,2010,21,78,,tt0780653
1703,Children of Men,2006,21,78,,tt0206634
1704,Brooklyn's Finest,2009,21,78,,tt1210042
1705,The Bucket List,2007,21,78,,tt0825232
1706,Brothers,2009,21,78,,tt0765010
1707,The Yakuza,1974,21,78,,tt0073918
1708,The Bunker,2001,21,78,,tt0252963
1709,U Turn,1997,21,78,,tt0120399
1710,Twilight,2008,21,78,,tt1099212
1711,Twins,1988,21,78,,tt0096320
1712,Two for the Money,2005,21,78,,tt0417217
1713,Requiem for a Dream,2000,21,78,,tt0180093
1714,Frequency,2000,21,78,,tt0186151
1715,No One Lives,2012,21,78,,tt1763264
1716,Friday the 13th,1980,21,78,,tt0080761
1717,Nixon,1995,21,78,,tt0113987
1718,Fright Night,2011,21,78,,tt1438176
1719,From Dusk Till Dawn,1996,21,78,,tt0116367
1720,Wild Hogs,2007,21,78,,tt0486946
1721,Wild at Heart,1990,21,78,,tt0100935
1722,Tusk,2014,21,78,,tt3099498
1723,Kids in the Hall: Brain Candy,1996,21,78,,tt0116768
1724,Kill Bill (Pt 1+2),2003,21,78,,tt0266697
1725,Kill Your Darlings,2013,21,78,,tt1311071
1726,Touch of Evil,1958,21,78,,tt0052311
1727,The Third Man,1949,21,78,,tt0041959
1728,The Naked Gun 2½: The Smell of Fear,1991,21,78,,tt0102510
1729,Mystery of the Wax Museum,1933,21,78,,tt0024368
1730,My Pure Joy,2011,21,78,,tt1909807
1731,Happy Feet,2006,21,78,,tt0366548
1732,Salt of the Earth,1954,21,78,,tt0047443
1733,Event Horizon,1997,21,78,,tt0119081
1734,Eternal Sunshine of the Spotless Mind,2004,21,78,,tt0338013
1735,The Usual Suspects,1995,21,78,,tt0114814
1736,Even Cowgirls Get the Blues,1993,21,78,,tt0106834
1737,Hall Pass,2011,21,78,,tt0480687
1738,Heat,1995,21,78,,tt0113277
1739,The Grudge,2004,21,78,,tt0391198
1740,Hackers,1995,21,78,,tt0113243
1741,Harry Potter and the Prisoner of Azkaban,2004,21,78,,tt0304141
1742,Transatlantic Merry-Go-Round,1934,21,78,,tt0025905
1743,Toy Story 3,2010,21,78,,tt0435761
1744,The Town,2010,21,78,,tt0840361
1745,The Hangover,2009,21,78,,tt1119646
1746,Sphere,1998,21,78,,tt0120184
1747,The Ring,2002,21,78,,tt0298130
1748,Return to Me,2000,21,78,,tt0122459
1749,The Rise and Rise of Michael Rimmer,1970,21,78,,tt0066302
1750,Red Dragon,2002,21,78,,tt0289765
1751,Lord of Illusions,1995,21,78,,tt0113690
1752,Hannibal Rising,2007,21,78,,tt0367959
1753,Lone Star,1996,21,78,,tt0116905
1754,Courage Under Fire,1996,21,78,,tt0115956
1755,Cowboys & Aliens,2011,21,78,,tt0409847
1756,Gangs of New York,2002,21,78,,tt0217505
1757,Crank,2006,21,78,,tt0479884
1758,The Ringer,2005,21,78,,tt0267891
1759,House of Wax,2005,21,78,,tt0397065
1760,The Good Shepherd,2006,21,78,,tt0343737
1761,Black Hawk Down,2001,21,78,,tt0265086
1762,Tomorrow Never Dies,1997,21,78,,tt0120347
1763,Top Gun,1986,21,78,,tt0092099
1764,Tombstone,1993,21,78,,tt0108358
1765,Jaws,1975,21,78,,tt0073195
1766,The Ladykillers,2004,21,78,,tt0335245
1767,Jason X,2001,21,78,,tt0211443
1768,Jane Eyre,2011,21,78,,tt1229822
1769,Last Time Forever,2006,21,78,,tt0479942
1770,Last Night,2010,21,78,,tt1294688
1771,A Scanner Darkly,2006,21,78,,tt0405296
1772,The Zero Theorem,2013,21,78,,tt2333804
1773,Mission: Impossible II,2000,21,78,,tt0120755
1774,Mission: Impossible,1996,21,78,,tt0117060
1775,Misery,1990,21,78,,tt0100157
1776,Push,2009,21,78,,tt0465580
1777,The Amityville Asylum,2013,21,78,,tt2216212
1778,American Splendor,2003,21,78,,tt0305206
1779,An Unmarried Woman,1978,21,78,,tt0078444
1780,Undertow,2004,21,78,,tt0360130
1781,Runner Runner,2013,21,78,,tt2364841
1782,Blood Work,2002,21,78,,tt0309377
1783,Silent Hill,2006,21,78,,tt0384537
1784,School of Rock,2003,21,78,,tt0332379
1785,Jumper,2008,21,78,,tt0489099
1786,Raging Bull,1980,21,78,,tt0081398
1787,Rachel Getting Married,2008,21,78,,tt1084950
1788,Queen of the Damned,2002,21,78,,tt0238546
1789,Lost Horizon,1937,21,78,,tt0029162
1790,Lord of War,2005,21,78,,tt0399295
1791,Quantum Project,2000,21,78,,tt0239860
1792,Learning to Drive,2014,21,78,,tt3062976
1793,Lone Survivor,2013,21,78,,tt1091191
1794,Traffic,2000,21,78,,tt0181865
1795,Locke,2013,21,78,,tt2692904
1796,Macbeth,2006,21,78,,tt0434541
1797,Love Is Strange,2014,21,78,,tt2639344
1798,Slither,2006,21,78,,tt0439815
1799,Tropic Thunder,2008,21,78,,tt0942385
1800,Die Hard 2,1990,21,78,,tt0099423
1801,Being Human,1994,21,78,,tt0106379
1802,Star Wars: Episode VI - Return of the Jedi,1983,21,78,,tt0086190
1803,The Godfather,1972,21,78,,tt0068646
1804,Chaplin,1992,21,78,,tt0103939
1805,Speed Racer,2008,21,78,,tt0811080
1806,Spartan,2004,21,78,,tt0360009
1807,Inherent Vice,2014,21,78,,tt1791528
1808,Hanover Street,1979,21,78,,tt0079268
1809,My Blue Heaven,1990,21,78,,tt0100212
1810,The A-Team,2010,21,78,,tt0429493
1811,Diner,1982,21,78,,tt0083833
1812,G.I. Joe: The Rise of Cobra,2009,21,78,,tt1046173
1813,12 and Holding,2005,21,78,,tt0417385
1814,12 Years a Slave,2013,21,78,,tt2024544
1815,10 Things I Hate About You,1999,21,78,,tt0147800
1816,Tootsie,1982,21,78,,tt0084805
1817,Tarzan,1999,21,78,,tt0120855
1818,The Martian,2015,21,78,,tt3659388
1819,Local Hero,1983,21,78,,tt0085859
1820,Breakfast of Champions,1999,21,78,,tt0120618
1821,Needful Things,1993,21,78,,tt0107665
1822,Dreamcatcher,2003,21,78,,tt0285531
1823,Rear Window,1954,21,78,,tt0047396
1824,Splinter,2008,21,78,,tt1031280
1825,Red Riding Hood,2011,21,78,,tt1486185
1826,Taxi Driver,1976,21,78,,tt0075314
1827,Sixteen Candles,1984,21,78,,tt0088128
1828,The Hundred-Foot Journey,2014,21,78,,tt2980648
1829,The Client,1994,21,78,,tt0109446
1830,Chocolat,2000,21,78,,tt0241303
1831,Chill Factor,1999,21,78,,tt0163579
1832,City Island,2009,21,78,,tt1174730
1833,City Hall,1996,21,78,,tt0115907
1834,Mystic River,2003,21,78,,tt0327056
1835,Call Northside 777,1948,21,78,,tt0040202
1836,El cantante,2006,21,78,,tt0458522
1837,Cabaret,1972,21,78,,tt0068327
1838,Flash Gordon,1980,21,78,,tt0080745
1839,The Expendables 2,2012,21,78,,tt1764651
1840,Play Misty for Me,1971,21,78,,tt0067588
1841,A Nightmare on Elm Street 3: Dream Warriors,1987,21,78,,tt0093629
1842,A Nightmare on Elm Street 5: The Dream Child,1989,21,78,,tt0097981
1843,A Nightmare on Elm Street 4: The Dream Master,1988,21,78,,tt0095742
1844,Freddy vs. Jason,2003,21,78,,tt0329101
1845,The French Connection,1971,21,78,,tt0067116
1846,The Bridges of Madison County,1995,21,78,,tt0112579
1847,Unforgiven,1992,21,78,,tt0105695
1848,You Can Count on Me,2000,21,78,,tt0203230
1849,You've Got Mail,1998,21,78,,tt0128853
1850,Youth in Revolt,2009,21,78,,tt0403702
1851,Zero Dark Thirty,2012,21,78,,tt1790885
1852,Zerophilia,2005,21,78,,tt0421090
1853,Beasts of the Southern Wild,2012,21,78,,tt2125435
1854,Stolen,2012,21,78,,tt1656186
1855,He's Just Not That Into You,2009,21,78,,tt1001508
1856,The Mothman Prophecies,2002,21,78,,tt0265349
1857,Agnes of God,1985,21,78,,tt0088683
1858,Harry Potter and the Goblet of Fire,2005,21,78,,tt0330373
1859,Mother and Child,2009,21,78,,tt1121977
1860,The Haunting,1999,21,78,,tt0171363
1861,Dumb & Dumber,1994,21,78,,tt0109686
1862,The Fabulous Baker Boys,1989,21,78,,tt0097322
1863,Train,2008,21,78,,tt1015474
1864,Bad Meat,2011,21,78,,tt1034010
1865,Tamara,2005,21,78,,tt0401815
1866,Extract,2009,21,78,,tt1225822
1867,Joy Ride,2001,21,78,,tt0206314
1868,One Missed Call,2008,21,78,,tt0479968
1869,The Craft,1996,21,78,,tt0115963
1870,Harold & Kumar Go to White Castle,2004,21,78,,tt0366551
1871,Harry Potter and the Chamber of Secrets,2002,21,78,,tt0295297
1872,Hannah and Her Sisters,1986,21,78,,tt0091167
1873,Hanna,2011,21,78,,tt0993842
1874,"Happy Birthday, Wanda June",1971,21,78,,tt0067180
1875,Hard to Kill,1990,21,78,,tt0099739
1876,Trouble in Paradise,1932,21,78,,tt0023622
1877,Hard Rain,1998,21,78,,tt0120696
1878,Rocky II,1979,21,78,,tt0079817
1879,Rocky III,1982,21,78,,tt0084602
1880,Rocky V,1990,21,78,,tt0100507
1881,Deceived,1991,21,78,,tt0101694
1882,Man Up,2015,21,78,,tt3064298
1883,Rocky Balboa,2006,21,78,,tt0479143
1884,Little Nicky,2000,21,78,,tt0185431
1885,The Little Mermaid,1989,21,78,,tt0097757
1886,Living in Oblivion,1995,21,78,,tt0113677
1887,The Ploughman's Lunch,1983,21,78,,tt0086122
1888,The Lion King,1994,21,78,,tt0110357
1889,"Lock, Stock and Two Smoking Barrels",1998,21,78,,tt0120735
1890,"Crazy, Stupid, Love.",2011,21,78,,tt1570728
1891,Uncle Buck,1989,21,78,,tt0098554
1892,Horns,2013,21,78,,tt1528071
1893,Creation,2009,21,78,,tt0974014
1894,Killing Them Softly,2012,21,78,,tt1764234
1895,Prisoners,2013,21,78,,tt1392214
1896,Ted,2012,21,78,,tt1637725
1897,Sweeney Todd: The Demon Barber of Fleet Street,2007,21,78,,tt0408236
1898,Tower Heist,2011,21,78,,tt0471042
1899,Tamara Drewe,2010,21,78,,tt1486190
1900,Sweet November,2001,21,78,,tt0230838
1901,Last Action Hero,1993,21,78,,tt0107362
1902,Jaws 2,1978,21,78,,tt0077766
1903,Jay and Silent Bob Strike Back,2001,21,78,,tt0261392
1904,Jennifer 8,1992,21,78,,tt0104549
1905,Jerry Maguire,1996,21,78,,tt0116695
1906,Match Point,2005,21,78,,tt0416320
1907,The Darjeeling Limited,2007,21,78,,tt0838221
1908,Halloween II,1981,21,78,,tt0082495
1909,Halloween,1978,21,78,,tt0077651
1910,Mini's First Time,2006,21,78,,tt0425253
1911,Minority Report,2002,21,78,,tt0181689
1912,Mirrors,2008,21,78,,tt0790686
1913,National Treasure: Book of Secrets,2007,21,78,,tt0465234
1914,American Madness,1932,21,78,,tt0022626
1915,RKO 281,1999,21,78,,tt0120801
1916,Chaos,2005,21,78,,tt0402910
1917,American Outlaws,2001,21,78,,tt0244000
1918,American Pie,1999,21,78,,tt0163651
1919,Rise of the Guardians,2012,21,78,,tt1446192
1920,The Change-Up,2011,21,78,,tt1488555
1921,American Psycho,2000,21,78,,tt0144084
1922,The Road,2009,21,78,,tt0898367
1923,Charlie's Angels,2000,21,78,,tt0160127
1924,Doom,2005,21,78,,tt0419706
1925,Doubt,2008,21,78,,tt0918927
1926,Machete,2010,21,78,,tt0985694
1927,Love & Basketball,2000,21,78,,tt0199725
1928,Machine Gun Preacher,2011,21,78,,tt1586752
1929,Lost in Translation,2003,21,78,,tt0335266
1930,The Cabin in the Woods,2012,21,78,,tt1259521
1931,Village of the Damned,1995,21,78,,tt0114852
1932,The Reader,2008,21,78,,tt0976051
1933,Redbelt,2008,21,78,,tt1012804
1934,Rambling Rose,1991,21,78,,tt0102753
1935,North by Northwest,1959,21,78,,tt0053125
1936,Newsies,1992,21,78,,tt0104990
1937,Snow White and the Huntsman,2012,21,78,,tt1735898
1938,New York Minute,2004,21,78,,tt0363282
1939,Inside Out,2015,21,78,,tt2096673
1940,Natural Born Killers,1994,21,78,,tt0110632
1941,Infinitely Polar Bear,2014,21,78,,tt1969062
1942,Into the Woods,2014,21,78,,tt2180411
1943,The Beach,2000,21,78,,tt0163978
1944,Batman,1989,21,78,,tt0096895
1945,Batman Returns,1992,21,78,,tt0103776
1946,Bad Santa,2003,21,78,,tt0307987
1947,Bad Teacher,2011,21,78,,tt1284575
1948,Badlands,1973,21,78,,tt0069762
1949,Bad Day at Black Rock,1955,21,78,,tt0047849
1950,Beavis and Butt-Head Do America,1996,21,78,,tt0115641
1951,Jack Reacher,2012,21,78,,tt0790724
1952,Mission to Mars,2000,21,78,,tt0183523
1953,Monkeybone,2001,21,78,,tt0166276
1954,Zodiac,2007,21,78,,tt0443706
1955,Solomon Kane,2009,21,78,,tt0970452
1956,Mr. Brooks,2007,21,78,,tt0780571
1957,Fried Green Tomatoes,1991,21,78,,tt0101921
1958,Hercules,1997,21,78,,tt0119282
1959,Pokémon: The First Movie - Mewtwo Strikes Back,1998,21,78,,tt0190641
1960,Sleeping Beauty,1959,21,78,,tt0053285
1961,The Pianist,2002,21,78,,tt0253474
1962,P2,2007,21,78,,tt0804516
1963,The Hand That Rocks the Cradle,1992,21,78,,tt0104389
1964,The Keeping Room,2014,21,78,,tt2488778
1965,The Invisible Woman,2013,21,78,,tt1700845
1966,Roughshod,1949,21,78,,tt0041827
1967,Unlawful Entry,1992,21,78,,tt0105699
1968,Rushmore,1998,21,78,,tt0128445
1969,The Salton Sea,2002,21,78,,tt0235737
1970,S. Darko,2009,21,78,,tt1231277
1971,The Saint,1997,21,78,,tt0120053
1972,Save the Last Dance,2001,21,78,,tt0206275
1973,The Driver,1978,21,78,,tt0077474
1974,Cold Mountain,2003,21,78,,tt0159365
1975,Bone Tomahawk,2015,21,78,,tt2494362
1976,The X Files,1998,21,78,,tt0120902
1977,In the Line of Fire,1993,21,78,,tt0107206
1978,Lucky Number Slevin,2006,21,78,,tt0425210
1979,The Young Victoria,2009,21,78,,tt0962736
1980,A History of Violence,2005,21,78,,tt0399146
1981,The Ref,1994,21,78,,tt0110955
1982,It's Kind of a Funny Story,2010,21,78,,tt0804497
1983,Cujo,1983,21,78,,tt0085382
1984,The Hustler,1961,21,78,,tt0054997
1985,I Am Legend,2007,21,78,,tt0480249
1986,I Melt with You,2011,21,78,,tt1691920
1987,I Think I Love My Wife,2007,21,78,,tt0770772
1988,I Walked with a Zombie,1943,21,78,,tt0036027
1989,Identity,2003,21,78,,tt0309698
1990,Starship Troopers,1997,21,78,,tt0120201
1991,State and Main,2000,21,78,,tt0120202
1992,Remember Me,2010,21,78,,tt1403981
1993,Star Wars: Episode IV - A New Hope,1977,21,78,,tt0076759
1994,The Relic,1997,21,78,,tt0120004
1995,Star Wars: Episode II - Attack of the Clones,2002,21,78,,tt0121765
1996,Reindeer Games,2000,21,78,,tt0184858
1997,Catch-22,1970,21,78,,tt0065528
1998,Prince of Persia: The Sands of Time,2010,21,78,,tt0473075
1999,Station West,1948,21,78,,tt0040835
