Didier Kaminka,http://www.imdb.com/name/nm0436687/?ref_=ttfc_fc_wr3
Larry Rattner,http://www.imdb.com/name/nm0711910/?ref_=ttfc_fc_wr2
Rick King,http://www.imdb.com/name/nm0004488/?ref_=ttfc_fc_cr4
Ed Gombert,http://www.imdb.com/name/nm0326814/?ref_=ttfc_fc_cr322
Dick Beebe,http://www.imdb.com/name/nm0066243/?ref_=ttfc_fc_wr2
James Jeremias,http://www.imdb.com/name/nm0421894/?ref_=ttfc_fc_wr4
Leon Capetanos,http://www.imdb.com/name/nm0135117/?ref_=ttfc_fc_wr2
William Hoffer,http://www.imdb.com/name/nm0388772/?ref_=ttfc_fc_wr3
Jonathan Hirschbein,http://www.imdb.com/name/nm1272009/?ref_=ttfc_fc_wr3
Carole Holliday,http://www.imdb.com/name/nm0390511/?ref_=ttfc_fc_cr343
Jonas McCord,http://www.imdb.com/name/nm0566380/?ref_=ttfc_fc_wr2
Abby Kohn,http://www.imdb.com/name/nm0463359/?ref_=ttfc_fc_wr1
Sherwood King,http://www.imdb.com/name/nm0455271/?ref_=ttfc_fc_wr1
Jerry Eeten,http://www.imdb.com/name/nm1087085/?ref_=ttfc_fc_wr2
Nancy Cassaro,http://www.imdb.com/name/nm0144007/?ref_=ttfc_fc_wr6
Todd Kurosawa,http://www.imdb.com/name/nm1190000/?ref_=ttfc_fc_wr13
D. Loriston Scott,http://www.imdb.com/name/nm1258453/?ref_=ttfc_fc_wr4
Travis Milloy,http://www.imdb.com/name/nm0589871/?ref_=ttfc_fc_cr6
Kevin Rock,http://www.imdb.com/name/nm1255914/?ref_=ttfc_fc_wr2
Vince McKewin,http://www.imdb.com/name/nm0571706/?ref_=ttfc_fc_wr1
Bruce Woodside,http://www.imdb.com/name/nm0940849/?ref_=ttfc_fc_cr832
Thom Enriquez,http://www.imdb.com/name/nm0258059/?ref_=ttfc_fc_wr18
Laurice Elehwany,http://www.imdb.com/name/nm0253214/?ref_=ttfc_fc_wr1
David Himmelstein,http://www.imdb.com/name/nm0385430/?ref_=ttfc_fc_wr5
Richard D'Ovidio,http://www.imdb.com/name/nm0006902/?ref_=ttfc_fc_wr3
Barbara Curry,http://www.imdb.com/name/nm3204152/?ref_=ttfc_fc_wr1
Stephan Talty,http://www.imdb.com/name/nm5643170/?ref_=ttfc_fc_wr3
James Cappe,http://www.imdb.com/name/nm0135470/?ref_=ttfc_fc_wr4
Captain Mauzner,http://www.imdb.com/name/nm0561359/?ref_=ttfc_fc_cr10
Alex Litvak,http://www.imdb.com/name/nm0514821/?ref_=ttfc_fc_wr1
Leon Capetanos,http://www.imdb.com/name/nm0135117/?ref_=ttfc_fc_wr2
Pamela Gray,http://www.imdb.com/name/nm0336861/?ref_=ttfc_fc_wr1
Stephen Mazur,http://www.imdb.com/name/nm0563397/?ref_=ttfc_fc_wr2
Cami Delavigne,http://www.imdb.com/name/nm2337556/?ref_=ttfc_fc_wr3
Jack Geasland,http://www.imdb.com/name/nm0311316/?ref_=ttfc_fc_wr4
Pj Torokvei,http://www.imdb.com/name/nm0868242/?ref_=ttfc_fc_wr5
Andre Fabrizio,http://www.imdb.com/name/nm1061002/?ref_=ttfc_fc_wr5
Louis Garfinkle,http://www.imdb.com/name/nm0307311/?ref_=ttfc_fc_wr3
Randy Haycock,http://www.imdb.com/name/nm0370696/?ref_=ttfc_fc_cr441
Jeff Howard,http://www.imdb.com/name/nm0397368/?ref_=ttfc_fc_cr90
Gordon Ray Young,http://www.imdb.com/name/nm0949583/?ref_=ttfc_fc_wr3
Matt Lopez,http://www.imdb.com/name/nm2188941/?ref_=ttfc_fc_wr4
Mort Briskin,http://www.imdb.com/name/nm0109858/?ref_=ttfc_fc_wr1
Paul Yurick,http://www.imdb.com/name/nm0951049/?ref_=ttfc_fc_wr2
Efthymis Filippou,http://www.imdb.com/name/nm3328207/?ref_=ttfc_fc_wr2
Edward Dein,http://www.imdb.com/name/nm0215085/?ref_=ttfc_fc_wr2
Solomon Rothman,http://www.imdb.com/name/nm4191378/?ref_=ttfc_fc_cr3
Jeffrey Alan Fiskin,http://www.imdb.com/name/nm0279971/?ref_=ttfc_fc_wr3
Lou Holtz Jr.,http://www.imdb.com/name/nm0392648/?ref_=ttfc_fc_wr1
Michael Sloan,http://www.imdb.com/name/nm3064286/?ref_=ttfc_fc_cr1012
Rory Stewart Kinnear,http://www.imdb.com/name/nm4094284/?ref_=ttfc_fc_cr250
H.F. Saint,http://www.imdb.com/name/nm0756650/?ref_=ttfc_fc_wr1
Marc Basch,http://www.imdb.com/name/nm5303256/?ref_=ttfc_fc_wr1
Paige Dylan,http://www.imdb.com/name/nm0245891/?ref_=ttfc_fc_wr2
Clayton Frohman,http://www.imdb.com/name/nm0296244/?ref_=ttfc_fc_wr2
James V. Simpson,http://www.imdb.com/name/nm2476665/?ref_=ttfc_fc_wr1
John Katchmer,http://www.imdb.com/name/nm0441205/?ref_=ttfc_fc_wr2
Tom Bleecker,http://www.imdb.com/name/nm1789514/?ref_=ttfc_fc_wr1
Michael Haigney,http://www.imdb.com/name/nm0354126/?ref_=ttfc_fc_cr97
Don Carlos Dunaway,http://www.imdb.com/name/nm0241795/?ref_=ttfc_fc_wr2
Kelly Wightman,http://www.imdb.com/name/nm0927845/?ref_=ttfc_fc_wr7
Tim Day,http://www.imdb.com/name/nm0206609/?ref_=ttfc_fc_wr3
Philippe Caland,http://www.imdb.com/name/nm0129310/?ref_=ttfc_fc_cr132
Megan Holley,http://www.imdb.com/name/nm1202932/?ref_=ttfc_fc_wr1
David Congalton,http://www.imdb.com/name/nm2892243/?ref_=ttfc_fc_wr1
Arne Olsen,http://www.imdb.com/name/nm1392466/?ref_=ttfc_fc_cr67
Rebecca Morrison,http://www.imdb.com/name/nm0607286/?ref_=ttfc_fc_wr4
David Madsen,http://www.imdb.com/name/nm0535189/?ref_=ttfc_fc_wr2
Jeff Reno,http://www.imdb.com/name/nm0719734/?ref_=ttfc_fc_wr2
Edward Ricourt,http://www.imdb.com/name/nm3242689/?ref_=ttfc_fc_wr5
Masato Ide,http://www.imdb.com/name/nm0406836/?ref_=ttfc_fc_wr1
David Guggenheim,http://www.imdb.com/name/nm1638756/?ref_=ttfc_fc_wr1
Michael LeSieur,http://www.imdb.com/name/nm1942829/?ref_=ttfc_fc_cr8
Brad Mirman,http://www.imdb.com/name/nm0592436/?ref_=ttfc_fc_cr8
Vasan Bala,http://www.imdb.com/name/nm3035236/?ref_=ttfc_fc_wr2
Mark Kausler,http://www.imdb.com/name/nm0442483/?ref_=ttfc_fc_cr555
Gerald Gaiser,http://www.imdb.com/name/nm0301416/?ref_=ttfc_fc_wr6
Fax Bahr,http://www.imdb.com/name/nm0046943/?ref_=ttfc_fc_cr2
John Swetnam,http://www.imdb.com/name/nm4291727/?ref_=ttfc_fc_cr10
Michael Surrey,http://www.imdb.com/name/nm0839720/?ref_=ttfc_fc_cr440
Rebecca Rees,http://www.imdb.com/name/nm0715949/?ref_=ttfc_fc_wr16
Robert Zappia,http://www.imdb.com/name/nm0002526/?ref_=ttfc_fc_wr4
Stephen A. Miller,http://www.imdb.com/name/nm0589357/?ref_=ttfc_fc_wr4
Richard Woodley,http://www.imdb.com/name/nm0940361/?ref_=ttfc_fc_wr2
Adam Rockoff,http://www.imdb.com/name/nm2098346/?ref_=ttfc_fc_wr1
Tsuyoko Yoshido,http://www.imdb.com/name/nm2359677/?ref_=ttfc_fc_wr5
Michael Diliberti,http://www.imdb.com/name/nm2225652/?ref_=ttfc_fc_wr2
Ethan Reiff,http://www.imdb.com/name/nm0717550/?ref_=ttfc_fc_wr3
Jacob Forman,http://www.imdb.com/name/nm2106079/?ref_=ttfc_fc_wr1
Michael Pye,http://www.imdb.com/name/nm1373865/?ref_=ttfc_fc_wr1
Oren Uziel,http://www.imdb.com/name/nm3349927/?ref_=ttfc_fc_wr2
Todd Samovitz,http://www.imdb.com/name/nm1258394/?ref_=ttfc_fc_wr3
Louis Venosta,http://www.imdb.com/name/nm0893207/?ref_=ttfc_fc_cr9
Lloyd Fonvielle,http://www.imdb.com/name/nm0285126/?ref_=ttfc_fc_wr2
Don Dougherty,http://www.imdb.com/name/nm0234837/?ref_=ttfc_fc_wr17
Neil Cuthbert,http://www.imdb.com/name/nm0193854/?ref_=ttfc_fc_wr1
Rick Seaman,http://www.imdb.com/name/nm0780622/?ref_=ttfc_fc_cr274
Nathan Alexander,http://www.imdb.com/name/nm3488740/?ref_=ttfc_fc_cr57
Rita Hsiao,http://www.imdb.com/name/nm0398763/?ref_=ttfc_fc_wr2
Caspian Tredwell-Owen,http://www.imdb.com/name/nm1047021/?ref_=ttfc_fc_wr4
Martin Kitrosser,http://www.imdb.com/name/nm0457725/?ref_=ttfc_fc_cr131
Keith Dorrington,http://www.imdb.com/name/nm2565612/?ref_=ttfc_fc_cr5
Rob Kerchner,http://www.imdb.com/name/nm0449246/?ref_=ttfc_fc_wr2
Robbie Fox,http://www.imdb.com/name/nm0289219/?ref_=ttfc_fc_wr1
Paul Gerstenberger,http://www.imdb.com/name/nm1268554/?ref_=ttfc_fc_wr1
David Berenbaum,http://www.imdb.com/name/nm1183854/?ref_=ttfc_fc_wr1
Yale Hannon,http://www.imdb.com/name/nm1365569/?ref_=ttfc_fc_cr4
David Agosto,http://www.imdb.com/name/nm0013234/?ref_=ttfc_fc_wr4
Raymond W. Thorp,http://www.imdb.com/name/nm0861633/?ref_=ttfc_fc_wr2
Alexandra Seros,http://www.imdb.com/name/nm0785311/?ref_=ttfc_fc_wr3
Michael Robert Johnson,http://www.imdb.com/name/nm3467335/?ref_=ttfc_fc_wr3
Steph Lady,http://www.imdb.com/name/nm0480641/?ref_=ttfc_fc_wr2
Jeff Snow,http://www.imdb.com/name/nm0811279/?ref_=ttfc_fc_wr10
Raymond Singer,http://www.imdb.com/name/nm0802027/?ref_=ttfc_fc_wr5
Sonia Chernus,http://www.imdb.com/name/nm0155963/?ref_=ttfc_fc_wr3
Joe Tiboni,http://www.imdb.com/name/nm4035833/?ref_=ttfc_fc_wr3
Brian Charles Frank,http://www.imdb.com/name/nm3462823/?ref_=ttfc_fc_wr3
Barry Berman,http://www.imdb.com/name/nm1332335/?ref_=ttfc_fc_cr155
Dirk Ahner,http://www.imdb.com/name/nm0004308/?ref_=ttfc_fc_wr1
Andrew Mogel,http://www.imdb.com/name/nm2361949/?ref_=ttfc_fc_wr3
Sergio Pablos,http://www.imdb.com/name/nm0655053/?ref_=ttfc_fc_cr610
Danielle Alexandra,http://www.imdb.com/name/nm0018824/?ref_=ttfc_fc_cr2
Paul Tamasy,http://www.imdb.com/name/nm0848496/?ref_=ttfc_fc_cr11
Kaan Kalyon,http://www.imdb.com/name/nm0436314/?ref_=ttfc_fc_wr6
David Arata,http://www.imdb.com/name/nm0033153/?ref_=ttfc_fc_wr3
Jonathan Schroder,http://www.imdb.com/name/nm1074955/?ref_=ttfc_fc_cr9
Jeff Rendell,http://www.imdb.com/name/nm1249684/?ref_=ttfc_fc_cr473
Patrick Tobin,http://www.imdb.com/name/nm0864959/?ref_=ttfc_fc_wr1
Nick Villiers,http://www.imdb.com/name/nm0898382/?ref_=ttfc_fc_wr3
Craig Spector,http://www.imdb.com/name/nm0817468/?ref_=ttfc_fc_wr3
Kai Barry,http://www.imdb.com/name/nm2649739/?ref_=ttfc_fc_cr3
Alex Mace,http://www.imdb.com/name/nm2858852/?ref_=ttfc_fc_cr6
John Kamps,http://www.imdb.com/name/nm0436960/?ref_=ttfc_fc_wr2
Ken Kaufman,http://www.imdb.com/name/nm0442190/?ref_=ttfc_fc_wr3
Kurt Voelker,http://www.imdb.com/name/nm0900820/?ref_=ttfc_fc_wr4
Paul Lovett,http://www.imdb.com/name/nm1749087/?ref_=ttfc_fc_wr3
Jonathan Asser,http://www.imdb.com/name/nm5414053/?ref_=ttfc_fc_wr1
Julius Aguimatang,http://www.imdb.com/name/nm1434301/?ref_=ttfc_fc_wr11
Don 'Bud' Connor,http://www.imdb.com/name/nm5255555/?ref_=ttfc_fc_cr9
Bob Tzudiker,http://www.imdb.com/name/nm0879318/?ref_=ttfc_fc_wr1
Harry W. Conn,http://www.imdb.com/name/nm0174889/?ref_=ttfc_fc_wr3
Malcolm Hart,http://www.imdb.com/name/nm0366422/?ref_=ttfc_fc_wr2
Susan Butler,http://www.imdb.com/name/nm2336073/?ref_=ttfc_fc_wr3
Don McEnery,http://www.imdb.com/name/nm0568490/?ref_=ttfc_fc_wr3
Ken Selden,http://www.imdb.com/name/nm0783023/?ref_=ttfc_fc_cr5
Brin Hill,http://www.imdb.com/name/nm1067779/?ref_=ttfc_fc_wr1
David Darmstaeder,http://www.imdb.com/name/nm0201479/?ref_=ttfc_fc_wr4
Bettina Gilois,http://www.imdb.com/name/nm0319619/?ref_=ttfc_fc_wr2
Richard Lindheim,http://www.imdb.com/name/nm2030456/?ref_=ttfc_fc_wr3
Larry Brand,http://www.imdb.com/name/nm0104487/?ref_=ttfc_fc_wr4
Drew Dowdle,http://www.imdb.com/name/nm1803105/?ref_=ttfc_fc_cr341
Court Crandall,http://www.imdb.com/name/nm1216189/?ref_=ttfc_fc_wr1
Bob Israel,http://www.imdb.com/name/nm0411444/?ref_=ttfc_fc_cr3
Irena Brignull,http://www.imdb.com/name/nm0109267/?ref_=ttfc_fc_wr1
Karen Leigh Hopkins,http://www.imdb.com/name/nm0394212/?ref_=ttfc_fc_wr5
Janet Kovalcik,http://www.imdb.com/name/nm0468293/?ref_=ttfc_fc_wr2
Michael Bortman,http://www.imdb.com/name/nm0097544/?ref_=ttfc_fc_wr5
T. Daniel Hofstedt,http://www.imdb.com/name/nm0389445/?ref_=ttfc_fc_cr453
Miguel Tejada-Flores,http://www.imdb.com/name/nm0854185/?ref_=ttfc_fc_cr646
Juliette Towhidi,http://www.imdb.com/name/nm1130708/?ref_=ttfc_fc_wr2
Darius Marder,http://www.imdb.com/name/nm2942187/?ref_=ttfc_fc_wr5
Will Rokos,http://www.imdb.com/name/nm0737993/?ref_=ttfc_fc_cr7
Marc Klein,http://www.imdb.com/name/nm0458884/?ref_=ttfc_fc_wr1
Jo Heims,http://www.imdb.com/name/nm0374268/?ref_=ttfc_fc_wr3
Stephen Ronald Francis,http://www.imdb.com/name/nm1181226/?ref_=ttfc_fc_wr1
Joe Rinaldi,http://www.imdb.com/name/nm0727370/?ref_=ttfc_fc_wr3
Fernley Phillips,http://www.imdb.com/name/nm2043734/?ref_=ttfc_fc_cr8
Ido Rosenblum,http://www.imdb.com/name/nm2439643/?ref_=ttfc_fc_wr5
Betsy Stahl,http://www.imdb.com/name/nm0821439/?ref_=ttfc_fc_cr8
Ken Li,http://www.imdb.com/name/nm0508446/?ref_=ttfc_fc_wr1
Noni White,http://www.imdb.com/name/nm0925276/?ref_=ttfc_fc_wr2
David Veloz,http://www.imdb.com/name/nm0892705/?ref_=ttfc_fc_wr2
David Wechter,http://www.imdb.com/name/nm0917066/?ref_=ttfc_fc_wr1
John Norville,http://www.imdb.com/name/nm0636358/?ref_=ttfc_fc_cr215
Ron Osborn,http://www.imdb.com/name/nm0651592/?ref_=ttfc_fc_wr1
Nicole Eastman,http://www.imdb.com/name/nm2946831/?ref_=ttfc_fc_wr4
Scott McEwen,http://www.imdb.com/name/nm6984200/?ref_=ttfc_fc_cr586
Leonard Ripps,http://www.imdb.com/name/nm0728125/?ref_=ttfc_fc_wr1
Kelly Bowe,http://www.imdb.com/name/nm2797005/?ref_=ttfc_fc_wr4
William Ivory,http://www.imdb.com/name/nm0412470/?ref_=ttfc_fc_wr1
Daniel Farrands,http://www.imdb.com/name/nm0268107/?ref_=ttfc_fc_wr3
Jeremy Drysdale,http://www.imdb.com/name/nm1268290/?ref_=ttfc_fc_wr3
Robert Lence,http://www.imdb.com/name/nm0501729/?ref_=ttfc_fc_cr375
David Ronn,http://www.imdb.com/name/nm0740115/?ref_=ttfc_fc_wr4
Jerry Leichtling,http://www.imdb.com/name/nm0500090/?ref_=ttfc_fc_cr80
Pia Cook,http://www.imdb.com/name/nm3324090/?ref_=ttfc_fc_cr2
Rose Bosch,http://www.imdb.com/name/nm0097785/?ref_=ttfc_fc_cr2
John Kamps,http://www.imdb.com/name/nm0436960/?ref_=ttfc_fc_wr2
Mark Jacobson,http://www.imdb.com/name/nm0414893/?ref_=ttfc_fc_wr2
Christine Blum,http://www.imdb.com/name/nm0089626/?ref_=ttfc_fc_cr74
Joe Ekers,http://www.imdb.com/name/nm0252346/?ref_=ttfc_fc_cr238
Ehud Yonay,http://www.imdb.com/name/nm1274594/?ref_=ttfc_fc_wr3
Timothy Dowling,http://www.imdb.com/name/nm0000251/?ref_=ttfc_fc_wr2
Kevin Harkey,http://www.imdb.com/name/nm0363125/?ref_=ttfc_fc_wr11
Kate Angelo,http://www.imdb.com/name/nm1180074/?ref_=ttfc_fc_wr1
Amy Koppelman,http://www.imdb.com/name/nm6508110/?ref_=ttfc_fc_wr4
Christopher Cleveland,http://www.imdb.com/name/nm1480450/?ref_=ttfc_fc_wr1
Guillaume Laurant,http://www.imdb.com/name/nm0491011/?ref_=ttfc_fc_wr3
Michael Elias,http://www.imdb.com/name/nm0253498/?ref_=ttfc_fc_wr3
Marc Perrier,http://www.imdb.com/name/nm0674700/?ref_=ttfc_fc_wr6
Lucas Sussman,http://www.imdb.com/name/nm0839938/?ref_=ttfc_fc_cr419
Alberto Casella,http://www.imdb.com/name/nm0143281/?ref_=ttfc_fc_wr5
Aaron Stockard,http://www.imdb.com/name/nm0830760/?ref_=ttfc_fc_wr3
Victoria Muspratt,http://www.imdb.com/name/nm0615814/?ref_=ttfc_fc_wr1
Mickey Rapkin,http://www.imdb.com/name/nm3015467/?ref_=ttfc_fc_wr2
Vanna Paoli,http://www.imdb.com/name/nm0660031/?ref_=ttfc_fc_cr89
Patrick Jean,http://www.imdb.com/name/nm1268896/?ref_=ttfc_fc_cr13
Michael Anthony Snowden,http://www.imdb.com/name/nm0811360/?ref_=ttfc_fc_wr12
Samantha Goodman,http://www.imdb.com/name/nm0329224/?ref_=ttfc_fc_wr4
Chris Hubbell,http://www.imdb.com/name/nm0399252/?ref_=ttfc_fc_wr7
Laurie Dillon,http://www.imdb.com/name/nm0227029/?ref_=ttfc_fc_wr5
David N. White,http://www.imdb.com/name/nm1277955/?ref_=ttfc_fc_wr2
Rick Dahl,http://www.imdb.com/name/nm0196967/?ref_=ttfc_fc_cr196
Michael Finch,http://www.imdb.com/name/nm3360218/?ref_=ttfc_fc_wr1
Peter Schink,http://www.imdb.com/name/nm0771813/?ref_=ttfc_fc_cr10
Shawn Rasmussen,http://www.imdb.com/name/nm1726912/?ref_=ttfc_fc_wr2
Rob Gibbs,http://www.imdb.com/name/nm0316727/?ref_=ttfc_fc_cr194
Roy N. Sickner,http://www.imdb.com/name/nm0796429/?ref_=ttfc_fc_cr58
Steve McVicker,http://www.imdb.com/name/nm2679516/?ref_=ttfc_fc_wr3
Lisa-Maria Radano,http://www.imdb.com/name/nm0705326/?ref_=ttfc_fc_wr3
Randall Rubin,http://www.imdb.com/name/nm1371900/?ref_=ttfc_fc_cr6
Greg Grabianski,http://www.imdb.com/name/nm0333240/?ref_=ttfc_fc_wr10
Karen Janszen,http://www.imdb.com/name/nm0418321/?ref_=ttfc_fc_wr2
Alison Cross,http://www.imdb.com/name/nm0189105/?ref_=ttfc_fc_wr4
Jonathan Hirschbein,http://www.imdb.com/name/nm1272009/?ref_=ttfc_fc_wr3
Robert Collector,http://www.imdb.com/name/nm0171720/?ref_=ttfc_fc_wr2
Jack Golden Russell,http://www.imdb.com/name/nm0751207/?ref_=ttfc_fc_wr2
Steven McKay,http://www.imdb.com/name/nm0571072/?ref_=ttfc_fc_cr3
Keith Merryman,http://www.imdb.com/name/nm2226647/?ref_=ttfc_fc_wr5
Peter Filardi,http://www.imdb.com/name/nm0276823/?ref_=ttfc_fc_wr2
Dean Georgaris,http://www.imdb.com/name/nm1212988/?ref_=ttfc_fc_wr1
David O'Malley,http://www.imdb.com/name/nm0641714/?ref_=ttfc_fc_wr1
Mark Wheaton,http://www.imdb.com/name/nm1187126/?ref_=ttfc_fc_wr5
David Aaron Cohen,http://www.imdb.com/name/nm0169173/?ref_=ttfc_fc_wr1
Robert Pucci,http://www.imdb.com/name/nm0699739/?ref_=ttfc_fc_wr1
Byron Morgan,http://www.imdb.com/name/nm0604526/?ref_=ttfc_fc_wr3
Mark Rosner,http://www.imdb.com/name/nm0743119/?ref_=ttfc_fc_wr5
Tim Tharp,http://www.imdb.com/name/nm4043665/?ref_=ttfc_fc_wr3
Charles Gieg Jr.,http://www.imdb.com/name/nm0317335/?ref_=ttfc_fc_wr1
Janet Scott Batchler,http://www.imdb.com/name/nm0060760/?ref_=ttfc_fc_wr1
Zachary Sklar,http://www.imdb.com/name/nm0804466/?ref_=ttfc_fc_wr2
Adam J. Braff,http://www.imdb.com/name/nm0103783/?ref_=ttfc_fc_cr54
Alan Mandel,http://www.imdb.com/name/nm0541629/?ref_=ttfc_fc_wr5
Daniel Pyne,http://www.imdb.com/name/nm0002417/?ref_=ttfc_fc_wr3
Chris D'Arienzo,http://www.imdb.com/name/nm0195476/?ref_=ttfc_fc_cr4
Sarah Thorp,http://www.imdb.com/name/nm0861638/?ref_=ttfc_fc_wr1
Mark Brinker,http://www.imdb.com/name/nm1440026/?ref_=ttfc_fc_wr5
Jodi Ann Johnson,http://www.imdb.com/name/nm2131929/?ref_=ttfc_fc_wr20
Cyrus Voris,http://www.imdb.com/name/nm0903456/?ref_=ttfc_fc_wr4
Susan Gauthier,http://www.imdb.com/name/nm0310319/?ref_=ttfc_fc_wr1
Theodore Simonson,http://www.imdb.com/name/nm0800796/?ref_=ttfc_fc_wr1
Corey Mandell,http://www.imdb.com/name/nm0541720/?ref_=ttfc_fc_wr1
David Bourla,http://www.imdb.com/name/nm0100027/?ref_=ttfc_fc_cr2
Robert Bunker,http://www.imdb.com/name/nm0120491/?ref_=ttfc_fc_wr3
Brad Ingelsby,http://www.imdb.com/name/nm2145487/?ref_=ttfc_fc_wr1
Marilyn Goldin,http://www.imdb.com/name/nm0325665/?ref_=ttfc_fc_wr4
Roy Morita,http://www.imdb.com/name/nm0605730/?ref_=ttfc_fc_wr7
Matthew Sand,http://www.imdb.com/name/nm2373271/?ref_=ttfc_fc_wr3
Erica Rivinoja,http://www.imdb.com/name/nm1106214/?ref_=ttfc_fc_wr6
William Absalom Drake,http://www.imdb.com/name/nm0237033/?ref_=ttfc_fc_wr4
Vance Gerry,http://www.imdb.com/name/nm0314788/?ref_=ttfc_fc_wr11
B.L. Jurgens,http://www.imdb.com/name/nm7359491/?ref_=ttfc_fc_cr749
David Chaskin,http://www.imdb.com/name/nm0153883/?ref_=ttfc_fc_wr1
Randy Feldman,http://www.imdb.com/name/nm0271098/?ref_=ttfc_fc_wr5
Monica Mcgowan Johnson,http://www.imdb.com/name/nm0569606/?ref_=ttfc_fc_wr2
Ian Mackenzie Jeffers,http://www.imdb.com/name/nm2259451/?ref_=ttfc_fc_wr3
Rob Cotterill,http://www.imdb.com/name/nm1080440/?ref_=ttfc_fc_cr4
Noni White,http://www.imdb.com/name/nm0925276/?ref_=ttfc_fc_wr2
Duncan Marjoribanks,http://www.imdb.com/name/nm0548211/?ref_=ttfc_fc_cr391
Rick Maki,http://www.imdb.com/name/nm0538588/?ref_=ttfc_fc_cr540
Adam Leff,http://www.imdb.com/name/nm0498963/?ref_=ttfc_fc_wr2
C. Gaby Mitchell,http://www.imdb.com/name/nm2057149/?ref_=ttfc_fc_wr3
Travis Wright,http://www.imdb.com/name/nm0942899/?ref_=ttfc_fc_cr138
Craig Cox,http://www.imdb.com/name/nm1837763/?ref_=ttfc_fc_wr5
Ian Shorr,http://www.imdb.com/name/nm2135380/?ref_=ttfc_fc_wr1
Patricia Resnick,http://www.imdb.com/name/nm0720334/?ref_=ttfc_fc_wr3
Neal Marshall Stevens,http://www.imdb.com/name/nm0139605/?ref_=ttfc_fc_wr2
Peter Rader,http://www.imdb.com/name/nm0705474/?ref_=ttfc_fc_wr1
Sung-ho Kim,http://www.imdb.com/name/nm1193005/?ref_=ttfc_fc_wr3
David A. Newman,http://www.imdb.com/name/nm2226970/?ref_=ttfc_fc_wr6
Jeffrey Scott Richards,http://www.imdb.com/name/nm2399288/?ref_=ttfc_fc_cr18
Jesse Studenberg,http://www.imdb.com/name/nm3864204/?ref_=ttfc_fc_wr2
Andy Hurst,http://www.imdb.com/name/nm0403577/?ref_=ttfc_fc_wr1
Larry Leker,http://www.imdb.com/name/nm0500858/?ref_=ttfc_fc_wr15
Robert Fyvolent,http://www.imdb.com/name/nm1435457/?ref_=ttfc_fc_cr150
Kaja Blackley,http://www.imdb.com/name/nm0085718/?ref_=ttfc_fc_wr1
Leonard Hoffman,http://www.imdb.com/name/nm0389002/?ref_=ttfc_fc_wr3
Christopher De Vore,http://www.imdb.com/name/nm0212246/?ref_=ttfc_fc_wr1
Bruce Henstell,http://www.imdb.com/name/nm0378256/?ref_=ttfc_fc_wr5
Jeremy Passmore,http://www.imdb.com/name/nm0664920/?ref_=ttfc_fc_wr3
Craig Hamann,http://www.imdb.com/name/nm0357326/?ref_=ttfc_fc_cr2
Pierce Gardner,http://www.imdb.com/name/nm0307070/?ref_=ttfc_fc_cr4
Lawrence B. Marcus,http://www.imdb.com/name/nm0546140/?ref_=ttfc_fc_wr4
Eric Leclere,http://www.imdb.com/name/nm0496226/?ref_=ttfc_fc_wr1
Alexi Hawley,http://www.imdb.com/name/nm1149075/?ref_=ttfc_fc_wr4
Eric Aronson,http://www.imdb.com/name/nm0036962/?ref_=ttfc_fc_wr1
Milo Addica,http://www.imdb.com/name/nm0995906/?ref_=ttfc_fc_cr2
Bruce A. Taylor,http://www.imdb.com/name/nm0852073/?ref_=ttfc_fc_wr5
Dan McDermott,http://www.imdb.com/name/nm1908145/?ref_=ttfc_fc_wr5
Michael C. Martin,http://www.imdb.com/name/nm2130654/?ref_=ttfc_fc_wr1
Anthony Tambakis,http://www.imdb.com/name/nm3294574/?ref_=ttfc_fc_cr11
Diana Hawkins,http://www.imdb.com/name/nm0370114/?ref_=ttfc_fc_cr4
Chip Proser,http://www.imdb.com/name/nm0698734/?ref_=ttfc_fc_cr7
James P. McGuire,http://www.imdb.com/name/nm0570215/?ref_=ttfc_fc_cr32
Bennett Yellin,http://www.imdb.com/name/nm0947395/?ref_=ttfc_fc_wr2
Norman Steinberg,http://www.imdb.com/name/nm0825799/?ref_=ttfc_fc_wr2
Richard Wenk,http://www.imdb.com/name/nm0921013/?ref_=ttfc_fc_wr5
Andy Robin,http://www.imdb.com/name/nm0732165/?ref_=ttfc_fc_wr4
Timothy J. Sexton,http://www.imdb.com/name/nm0786694/?ref_=ttfc_fc_wr2
Stephen Hamel,http://www.imdb.com/name/nm1336500/?ref_=ttfc_fc_cr8
Bernard Murray Jr.,http://www.imdb.com/name/nm1662712/?ref_=ttfc_fc_cr6
Joshua Malkin,http://www.imdb.com/name/nm0539801/?ref_=ttfc_fc_cr42
Shem Bitterman,http://www.imdb.com/name/nm0084537/?ref_=ttfc_fc_wr5
Carol Watson,http://www.imdb.com/name/nm0914536/?ref_=ttfc_fc_wr2
Alan Uger,http://www.imdb.com/name/nm0880078/?ref_=ttfc_fc_wr5
Zev Berman,http://www.imdb.com/name/nm0075864/?ref_=ttfc_fc_wr2
Donna Powers,http://www.imdb.com/name/nm0694526/?ref_=ttfc_fc_wr2
Bill Collage,http://www.imdb.com/name/nm0171651/?ref_=ttfc_fc_wr4
Stan Redding,http://www.imdb.com/name/nm1127221/?ref_=ttfc_fc_wr3
Shelly Burton,http://www.imdb.com/name/nm0123722/?ref_=ttfc_fc_wr4
Jenny Tripp,http://www.imdb.com/name/nm0873092/?ref_=ttfc_fc_cr651
Vincent DeFrances,http://www.imdb.com/name/nm1786806/?ref_=ttfc_fc_cr740
Jared Stern,http://www.imdb.com/name/nm2972864/?ref_=ttfc_fc_cr541
Bragi F. Schut,http://www.imdb.com/name/nm0776885/?ref_=ttfc_fc_wr1
Michael Caleo,http://www.imdb.com/name/nm1003636/?ref_=ttfc_fc_wr2
Donna McLoughlin,http://www.imdb.com/name/nm2228493/?ref_=ttfc_fc_wr3
John Ramirez,http://www.imdb.com/name/nm0708319/?ref_=ttfc_fc_wr9
Dave Johannson,http://www.imdb.com/name/nm3164738/?ref_=ttfc_fc_wr2
Daniel Yost,http://www.imdb.com/name/nm0949127/?ref_=ttfc_fc_wr3
Eric C. Dickson,http://www.imdb.com/name/nm2269957/?ref_=ttfc_fc_cr7
Erik Bergquist,http://www.imdb.com/name/nm0074980/?ref_=ttfc_fc_wr4
Jack Paglen,http://www.imdb.com/name/nm1438698/?ref_=ttfc_fc_wr1
Robert Reneau,http://www.imdb.com/name/nm0719427/?ref_=ttfc_fc_wr4
Halsted Welles,http://www.imdb.com/name/nm0919925/?ref_=ttfc_fc_wr1
Daniella Purcell,http://www.imdb.com/name/nm0700706/?ref_=ttfc_fc_wr2
Paul Bernbaum,http://www.imdb.com/name/nm0076602/?ref_=ttfc_fc_wr3
Lingard Jervey,http://www.imdb.com/name/nm1600857/?ref_=ttfc_fc_wr1
Hillary Seitz,http://www.imdb.com/name/nm0782711/?ref_=ttfc_fc_wr3
Kirk Hanson,http://www.imdb.com/name/nm0361315/?ref_=ttfc_fc_wr12
Paige Dylan,http://www.imdb.com/name/nm0245891/?ref_=ttfc_fc_wr2
Erich Hoeber,http://www.imdb.com/name/nm0388375/?ref_=ttfc_fc_wr2
D.V. DeVincentis,http://www.imdb.com/name/nm0222584/?ref_=ttfc_fc_cr530
Richard Rutowski,http://www.imdb.com/name/nm0752116/?ref_=ttfc_fc_cr7
Jim DeFelice,http://www.imdb.com/name/nm7198520/?ref_=ttfc_fc_wr4
John Raffo,http://www.imdb.com/name/nm0706311/?ref_=ttfc_fc_wr4
Mike Cheda,http://www.imdb.com/name/nm0002461/?ref_=ttfc_fc_wr2
Jon Hoeber,http://www.imdb.com/name/nm0388377/?ref_=ttfc_fc_wr1
Sabi H. Shabtai,http://www.imdb.com/name/nm0787082/?ref_=ttfc_fc_wr2
Julia Hart,http://www.imdb.com/name/nm1257352/?ref_=ttfc_fc_wr1
Jimmy Huston,http://www.imdb.com/name/nm0404128/?ref_=ttfc_fc_wr3
Tom Mazzocco,http://www.imdb.com/name/nm0563602/?ref_=ttfc_fc_cr45
Tom Ellery,http://www.imdb.com/name/nm0254085/?ref_=ttfc_fc_cr294
Michael De Guzman,http://www.imdb.com/name/nm0208775/?ref_=ttfc_fc_wr2
Steve Hulett,http://www.imdb.com/name/nm0401362/?ref_=ttfc_fc_cr305
John Touhey,http://www.imdb.com/name/nm0869524/?ref_=ttfc_fc_cr106
Ryan Rowe,http://www.imdb.com/name/nm0746598/?ref_=ttfc_fc_wr1
James Fujii,http://www.imdb.com/name/nm0969162/?ref_=ttfc_fc_cr312
Frank A. Cappello,http://www.imdb.com/name/nm0135141/?ref_=ttfc_fc_cr353
J. Campbell Bruce,http://www.imdb.com/name/nm0115431/?ref_=ttfc_fc_wr1
Guillaume Lemans,http://www.imdb.com/name/nm3280198/?ref_=ttfc_fc_wr3
Don Mullaly,http://www.imdb.com/name/nm0611920/?ref_=ttfc_fc_wr1
Will Fetters,http://www.imdb.com/name/nm3391497/?ref_=ttfc_fc_wr1
Arne Schmidt,http://www.imdb.com/name/nm0772829/?ref_=ttfc_fc_cr7
Randy Kornfield,http://www.imdb.com/name/nm0466473/?ref_=ttfc_fc_wr2
Nathan Atkins,http://www.imdb.com/name/nm1405911/?ref_=ttfc_fc_wr1
Todd Bello,http://www.imdb.com/name/nm0069160/?ref_=ttfc_fc_wr5
Will Corry,http://www.imdb.com/name/nm0181051/?ref_=ttfc_fc_wr3
John C. Richards,http://www.imdb.com/name/nm0724167/?ref_=ttfc_fc_wr2
Enrico Medioli,http://www.imdb.com/name/nm0575804/?ref_=ttfc_fc_wr4
Paul B. Margolis,http://www.imdb.com/name/nm0546803/?ref_=ttfc_fc_wr1
Josh Heald,http://www.imdb.com/name/nm0372222/?ref_=ttfc_fc_wr4
Oliver Berkman,http://www.imdb.com/name/nm0075427/?ref_=ttfc_fc_wr2
Milt Banta,http://www.imdb.com/name/nm0052520/?ref_=ttfc_fc_wr8
Mark Hammer,http://www.imdb.com/name/nm3472302/?ref_=ttfc_fc_cr7
Randy Pearlstein,http://www.imdb.com/name/nm0669132/?ref_=ttfc_fc_wr2
Phil Beauman,http://www.imdb.com/name/nm0064556/?ref_=ttfc_fc_wr4
Dan Rush,http://www.imdb.com/name/nm3656297/?ref_=ttfc_fc_wr1
Tamara Lusher,http://www.imdb.com/name/nm1073262/?ref_=ttfc_fc_wr13
Scott Seeke,http://www.imdb.com/name/nm3015337/?ref_=ttfc_fc_wr4
Alyson Fouse,http://www.imdb.com/name/nm1010379/?ref_=ttfc_fc_wr9
Andres Heinz,http://www.imdb.com/name/nm0374560/?ref_=ttfc_fc_wr4
Minako Daira,http://www.imdb.com/name/nm1735347/?ref_=ttfc_fc_wr3
Brandon Boyce,http://www.imdb.com/name/nm0101625/?ref_=ttfc_fc_wr2
Michael Finch,http://www.imdb.com/name/nm3360218/?ref_=ttfc_fc_wr1
Jake Wade Wall,http://www.imdb.com/name/nm0908411/?ref_=ttfc_fc_wr2
Lee Batchler,http://www.imdb.com/name/nm0060761/?ref_=ttfc_fc_wr2
Bryan Gindoff,http://www.imdb.com/name/nm0319932/?ref_=ttfc_fc_wr4
Jeff Arch,http://www.imdb.com/name/nm0033578/?ref_=ttfc_fc_cr2
Jim Wheat,http://www.imdb.com/name/nm0923646/?ref_=ttfc_fc_wr5
Adam Bonfanti,http://www.imdb.com/name/nm2043405/?ref_=ttfc_fc_cr2
Christopher De Vore,http://www.imdb.com/name/nm0212246/?ref_=ttfc_fc_wr1
Ron Kurz,http://www.imdb.com/name/nm0413826/?ref_=ttfc_fc_wr3
Eric Tuchman,http://www.imdb.com/name/nm0875740/?ref_=ttfc_fc_wr5
Allison Jimeno,http://www.imdb.com/name/nm2226834/?ref_=ttfc_fc_wr5
Ron Koslow,http://www.imdb.com/name/nm0467193/?ref_=ttfc_fc_cr5
Zack Ordynans,http://www.imdb.com/name/nm1144332/?ref_=ttfc_fc_wr2
Bill Collage,http://www.imdb.com/name/nm0171651/?ref_=ttfc_fc_wr4
W. Peter Iliff,http://www.imdb.com/name/nm0407717/?ref_=ttfc_fc_wr3
Kathleen Rowell,http://www.imdb.com/name/nm0746634/?ref_=ttfc_fc_wr1
Byron Simpson,http://www.imdb.com/name/nm0800927/?ref_=ttfc_fc_wr3
Brett Weldele,http://www.imdb.com/name/nm2591513/?ref_=ttfc_fc_wr4
Gus Silber,http://www.imdb.com/name/nm1100142/?ref_=ttfc_fc_wr2
Glenn Gers,http://www.imdb.com/name/nm1020896/?ref_=ttfc_fc_cr316
Sam Graham,http://www.imdb.com/name/nm3071117/?ref_=ttfc_fc_wr6
Mark Evan Schwartz,http://www.imdb.com/name/nm0777354/?ref_=ttfc_fc_wr3
Neal Marshall Stevens,http://www.imdb.com/name/nm0139605/?ref_=ttfc_fc_wr2
Grant Pierce Myers,http://www.imdb.com/name/nm2233127/?ref_=ttfc_fc_wr2
Mandy Nelson,http://www.imdb.com/name/nm0625570/?ref_=ttfc_fc_wr1
Mario Fratti,http://www.imdb.com/name/nm3688913/?ref_=ttfc_fc_wr5
Jeff Seidman,http://www.imdb.com/name/nm1529699/?ref_=ttfc_fc_wr4
Michael Barrie,http://www.imdb.com/name/nm0057398/?ref_=ttfc_fc_wr2
Kevin Hageman,http://www.imdb.com/name/nm1156984/?ref_=ttfc_fc_cr629
Chris Ure,http://www.imdb.com/name/nm2150515/?ref_=ttfc_fc_wr20
Ronald Roose,http://www.imdb.com/name/nm0740462/?ref_=ttfc_fc_cr67
Andrew Rai Berzins,http://www.imdb.com/name/nm0078566/?ref_=ttfc_fc_cr3
Frank Nissen,http://www.imdb.com/name/nm0632893/?ref_=ttfc_fc_wr16
Monte Merrick,http://www.imdb.com/name/nm0581224/?ref_=ttfc_fc_wr1
Jay Scherick,http://www.imdb.com/name/nm0771065/?ref_=ttfc_fc_wr3
Stephen Cornwell,http://www.imdb.com/name/nm0180508/?ref_=ttfc_fc_cr4
Dhani Lipsius,http://www.imdb.com/name/nm0513772/?ref_=ttfc_fc_wr1
Arlene Sarner,http://www.imdb.com/name/nm0765403/?ref_=ttfc_fc_wr2
Felix Sutton,http://www.imdb.com/name/nm0840307/?ref_=ttfc_fc_wr2
J.T. Allen,http://www.imdb.com/name/nm0020599/?ref_=ttfc_fc_cr573
Lauren Currier,http://www.imdb.com/name/nm0193009/?ref_=ttfc_fc_wr3
Patrick A. Ventura,http://www.imdb.com/name/nm0893358/?ref_=ttfc_fc_wr20
Jill E. Blotevogel,http://www.imdb.com/name/nm0089369/?ref_=ttfc_fc_wr1
Benjamin Legrand,http://www.imdb.com/name/nm0499429/?ref_=ttfc_fc_wr5
Stephen J. Rivele,http://www.imdb.com/name/nm0729151/?ref_=ttfc_fc_wr1
Raynold Gideon,http://www.imdb.com/name/nm0317279/?ref_=ttfc_fc_cr5
Beau Thorne,http://www.imdb.com/name/nm2830774/?ref_=ttfc_fc_wr1
Roger Towne,http://www.imdb.com/name/nm0870013/?ref_=ttfc_fc_wr1
Austin Bunn,http://www.imdb.com/name/nm3169656/?ref_=ttfc_fc_wr2
Larry Scholl,http://www.imdb.com/name/nm0774599/?ref_=ttfc_fc_wr28
Dave Krinsky,http://www.imdb.com/name/nm1015106/?ref_=ttfc_fc_cr4
W. Blake Herron,http://www.imdb.com/name/nm0380819/?ref_=ttfc_fc_wr2
Rex Weiner,http://www.imdb.com/name/nm0918266/?ref_=ttfc_fc_wr6
Bennett Yellin,http://www.imdb.com/name/nm0947395/?ref_=ttfc_fc_wr2
Lorna Cook,http://www.imdb.com/name/nm0177170/?ref_=ttfc_fc_cr212
Andy Gaskill,http://www.imdb.com/name/nm0309128/?ref_=ttfc_fc_cr12
Taylor Duffy,http://www.imdb.com/name/nm1232198/?ref_=ttfc_fc_wr3
Wayne Powers,http://www.imdb.com/name/nm0694638/?ref_=ttfc_fc_wr3
Paul Gaer,http://www.imdb.com/name/nm0300646/?ref_=ttfc_fc_wr2
Cooper Layne,http://www.imdb.com/name/nm0493548/?ref_=ttfc_fc_wr1
Robinson Young,http://www.imdb.com/name/nm1246190/?ref_=ttfc_fc_wr3
David E. Lewis,http://www.imdb.com/name/nm5557134/?ref_=ttfc_fc_wr2
Guerdon Trueblood,http://www.imdb.com/name/nm0874101/?ref_=ttfc_fc_cr1023
Scott Yagemann,http://www.imdb.com/name/nm0944878/?ref_=ttfc_fc_wr1
Carlo Bernard,http://www.imdb.com/name/nm0076166/?ref_=ttfc_fc_wr3
Robert Presnell Sr.,http://www.imdb.com/name/nm0696190/?ref_=ttfc_fc_wr6
Keith R. Clarke,http://www.imdb.com/name/nm0164851/?ref_=ttfc_fc_cr8
Margaret Leclere,http://www.imdb.com/name/nm0112127/?ref_=ttfc_fc_wr2
Oren Aviv,http://www.imdb.com/name/nm0043233/?ref_=ttfc_fc_cr2
Brent Hanley,http://www.imdb.com/name/nm0360062/?ref_=ttfc_fc_wr1
J. David Stem,http://www.imdb.com/name/nm0826425/?ref_=ttfc_fc_wr5
Jeremy Drysdale,http://www.imdb.com/name/nm1268290/?ref_=ttfc_fc_wr3
Raynold Gideon,http://www.imdb.com/name/nm0317279/?ref_=ttfc_fc_cr5
Erdman Penner,http://www.imdb.com/name/nm0672093/?ref_=ttfc_fc_wr1
Michael Handelman,http://www.imdb.com/name/nm1911349/?ref_=ttfc_fc_wr2
Broose Johnson,http://www.imdb.com/name/nm0424666/?ref_=ttfc_fc_cr355
Bibi Naceri,http://www.imdb.com/name/nm1098947/?ref_=ttfc_fc_wr3
Steve Glenn,http://www.imdb.com/name/nm2521593/?ref_=ttfc_fc_cr4
Walter Ferris,http://www.imdb.com/name/nm0274923/?ref_=ttfc_fc_wr6
Andre Fabrizio,http://www.imdb.com/name/nm1061002/?ref_=ttfc_fc_wr5
Sue C. Nichols,http://www.imdb.com/name/nm0629734/?ref_=ttfc_fc_cr47
Irvine H. Millgate,http://www.imdb.com/name/nm0589614/?ref_=ttfc_fc_wr3
Keith W. Strandberg,http://www.imdb.com/name/nm0833298/?ref_=ttfc_fc_cr2
Kurt Johnstad,http://www.imdb.com/name/nm0426500/?ref_=ttfc_fc_wr2
Jarret Cohen,http://www.imdb.com/name/nm4434030/?ref_=ttfc_fc_cr22
Denise DeClue,http://www.imdb.com/name/nm0213932/?ref_=ttfc_fc_wr3
Brett Haley,http://www.imdb.com/name/nm1417640/?ref_=ttfc_fc_cr506
Eugenia Bostwick-Singer,http://www.imdb.com/name/nm0098316/?ref_=ttfc_fc_wr6
Rita M. Fink,http://www.imdb.com/name/nm0277849/?ref_=ttfc_fc_wr2
Aladar Laszlo,http://www.imdb.com/name/nm0015801/?ref_=ttfc_fc_wr3
Lowell Cannon,http://www.imdb.com/name/nm0134230/?ref_=ttfc_fc_wr1
Alexander Ignon,http://www.imdb.com/name/nm0407245/?ref_=ttfc_fc_wr4
Jonathan Kesselman,http://www.imdb.com/name/nm1165576/?ref_=ttfc_fc_wr1
Martin Curland,http://www.imdb.com/name/nm0192741/?ref_=ttfc_fc_cr5
Jack Golden Russell,http://www.imdb.com/name/nm0751207/?ref_=ttfc_fc_wr2
Jim Capobianco,http://www.imdb.com/name/nm0135296/?ref_=ttfc_fc_cr148
David Pastor,http://www.imdb.com/name/nm0665041/?ref_=ttfc_fc_wr1
Lesley McNeil,http://www.imdb.com/name/nm0573905/?ref_=ttfc_fc_cr4
Sara Parriott,http://www.imdb.com/name/nm0663490/?ref_=ttfc_fc_wr2
Pete Goldfinger,http://www.imdb.com/name/nm1539257/?ref_=ttfc_fc_wr2
Morgan Jurgenson,http://www.imdb.com/name/nm1549853/?ref_=ttfc_fc_cr4
Marie Weiss,http://www.imdb.com/name/nm0919087/?ref_=ttfc_fc_wr3
Jeff Zuber,http://www.imdb.com/name/nm0958248/?ref_=ttfc_fc_wr1
Tom S. Parker,http://www.imdb.com/name/nm0662678/?ref_=ttfc_fc_wr1
Nick Guthe,http://www.imdb.com/name/nm0349205/?ref_=ttfc_fc_wr1
David Jonas,http://www.imdb.com/name/nm0420679/?ref_=ttfc_fc_cr58
Kevin Bisch,http://www.imdb.com/name/nm1358355/?ref_=ttfc_fc_wr1
Michael Samonek,http://www.imdb.com/name/nm0759986/?ref_=ttfc_fc_wr2
Jody Lambert,http://www.imdb.com/name/nm0483192/?ref_=ttfc_fc_cr4
Mauricio Zacharias,http://www.imdb.com/name/nm0951592/?ref_=ttfc_fc_wr2
Benjamin Ruffner,http://www.imdb.com/name/nm0749318/?ref_=ttfc_fc_wr3
Robert Festinger,http://www.imdb.com/name/nm0275284/?ref_=ttfc_fc_wr1
Joe Gangemi,http://www.imdb.com/name/nm2081303/?ref_=ttfc_fc_wr1
Cheryl Edwards,http://www.imdb.com/name/nm0249882/?ref_=ttfc_fc_wr3
Eric Poppen,http://www.imdb.com/name/nm0691569/?ref_=ttfc_fc_wr1
Randy Mack,http://www.imdb.com/name/nm1122807/?ref_=ttfc_fc_cr60
Robert L. Baird,http://www.imdb.com/name/nm0047916/?ref_=ttfc_fc_cr1029
Michael Allin,http://www.imdb.com/name/nm0021363/?ref_=ttfc_fc_wr2
Sylvie Bouchard,http://www.imdb.com/name/nm0098943/?ref_=ttfc_fc_wr2
Jay Martel,http://www.imdb.com/name/nm1007602/?ref_=ttfc_fc_wr5
Tom Sherohman,http://www.imdb.com/name/nm0792624/?ref_=ttfc_fc_wr2
James Flamberg,http://www.imdb.com/name/nm0280963/?ref_=ttfc_fc_cr107
J.D. Zeik,http://www.imdb.com/name/nm0954345/?ref_=ttfc_fc_wr2
Dan Hageman,http://www.imdb.com/name/nm1087952/?ref_=ttfc_fc_wr3
Otto Klement,http://www.imdb.com/name/nm0459216/?ref_=ttfc_fc_wr3
Ross Helford,http://www.imdb.com/name/nm1062366/?ref_=ttfc_fc_wr2
Earl E. Smith,http://www.imdb.com/name/nm0808073/?ref_=ttfc_fc_wr2
Cory Goodman,http://www.imdb.com/name/nm2309430/?ref_=ttfc_fc_wr1
Ernest R. May,http://www.imdb.com/name/nm0561943/?ref_=ttfc_fc_wr2
Inez Wallace,http://www.imdb.com/name/nm0908681/?ref_=ttfc_fc_wr3
