Stanley Kubrick,"['tt0066921', 'tt0081505', 'tt0062622', 'tt0120663', 'tt0093058', 'tt0072684']",False
Kimberly Peirce,['tt1939659'],True
Walter Hill,"['tt0114938', 'tt0073092', 'tt0116830', 'tt0095963', 'tt0083511', 'tt0077474']",False
Ethan Coen,"['tt0477348', 'tt0887883', 'tt1403865', 'tt1019452', 'tt0335245']",False
 Joel Coen,"['tt0477348', 'tt0887883', 'tt1403865', 'tt1019452', 'tt0335245']",False
Paul Lynch,['tt0081383'],False
Ted Post,"['tt0070355', 'tt0065462']",False
Stiles White,['tt1204977'],False
Jonathan Levine,"['tt0490076', 'tt1306980']",False
Graeme Clifford,"['tt0083967', 'tt0097438']",False
Gregory Hoblit,"['tt0488120', 'tt0119099', 'tt0117381', 'tt0880578', 'tt0186151']",False
Bennett Miller,"['tt1100089', 'tt0379725', 'tt1210166']",False
Penny Marshall,"['tt0091306', 'tt0094737', 'tt0099077']",False
Allison Anders,['tt0113101'],True
 Alexandre Rockwell,['tt0113101'],False
 Robert Rodriguez,"['tt0113101', 'tt0985694']",False
 Quentin Tarantino,"['tt0113101', 'tt0462322']",False
Steve Beck,"['tt0245674', 'tt0288477']",False
Ridley Scott,"['tt0758774', 'tt0103594', 'tt0103074', 'tt0078748', 'tt0320661', 'tt0325805', 'tt0212985', 'tt0089469', 'tt0119173', 'tt0172495', 'tt1446714', 'tt0401445', 'tt0083658', 'tt0096933', 'tt0118158', 'tt2193215', 'tt0765429', 'tt1528100', 'tt0094008', 'tt0265086', 'tt3659388']",False
Frank Capra,"['tt0031679', 'tt0033891', 'tt0027996', 'tt0038650', 'tt0029162', 'tt0022626']",False
Olivier Megaton,"['tt1397280', 'tt1657507']",False
Brett Ratner,"['tt0218967', 'tt0266915', 'tt0120812', 'tt0289765', 'tt0471042']",False
John Hillcoat,"['tt1212450', 'tt0898367']",False
Wes Anderson,"['tt0432283', 'tt0362270', 'tt0265666', 'tt2278388', 'tt1748122', 'tt0115734', 'tt0838221', 'tt0128445']",False
Joel Coen,"['tt0116282', 'tt0093822', 'tt0118715', 'tt0110074', 'tt0138524', 'tt0086979', 'tt0101410']",False
 Ethan Coen,"['tt0116282', 'tt0093822', 'tt0118715', 'tt0110074', 'tt0138524', 'tt0086979', 'tt0101410']",False
Tim Story,['tt0120667'],False
John Ford,"['tt0032551', 'tt0041866', 'tt0049730']",False
David Caffrey,['tt0338075'],False
Alfonso Cuarón,"['tt1454468', 'tt0206634', 'tt0304141']",False
Gary Trousdale,"['tt0101414', 'tt0116583']",False
 Kirk Wise,"['tt0101414', 'tt0116583']",False
Matt Reeves,"['tt1228987', 'tt1060277']",False
Max Nichols,['tt2140619'],False
Marcus Nispel,"['tt0816462', 'tt0324216', 'tt0758746']",False
Neil LaBute,"['tt0256276', 'tt0171580', 'tt1321509']",False
Ronald Neame,['tt0069113'],False
 Irwin Allen,['tt0069113'],False
Richard Rush,"['tt0109456', 'tt0081568']",False
Christopher Nolan,"['tt0482571', 'tt1345836', 'tt0372784', 'tt0209144', 'tt0816692', 'tt0278504', 'tt1375666', 'tt0468569']",False
Edward Zwick,"['tt0758752', 'tt1596345', 'tt0325710', 'tt0133952', 'tt0097441', 'tt1034303', 'tt0450259', 'tt0115956']",False
Gil Kenan,['tt0385880'],False
Peter Hyams,"['tt0091875', 'tt0146675', 'tt0100224', 'tt0077294', 'tt0079268', 'tt0120004']",False
James Cameron,"['tt0088247', 'tt0096754', 'tt0120338', 'tt0499549', 'tt0090605', 'tt0103064', 'tt0111503']",False
Mick Garris,['tt0094919'],False
McG,"['tt0438488', 'tt2172934', 'tt0160127']",False
Jason Reitman,"['tt0467406', 'tt1967545', 'tt1193138', 'tt1625346']",False
Danny Cannon,"['tt0113492', 'tt0130018']",False
Oliver Stone,"['tt0102138', 'tt0146838', 'tt0094291', 'tt0091763', 'tt0469641', 'tt0101761', 'tt0096969', 'tt1175491', 'tt0120399', 'tt0113987', 'tt0110632']",False
Kevin Smith,"['tt0118842', 'tt0120655', 'tt1385867', 'tt0109445', 'tt0113749', 'tt3099498', 'tt0261392']",False
Pete Travis,"['tt0443274', 'tt1343727']",False
Michael Walker,['tt0221069'],False
Paul W.S. Anderson,"['tt0120804', 'tt1855325', 'tt1921064', 'tt0120157', 'tt0119081']",False
M. Night Shyamalan,"['tt0368447', 'tt0167404', 'tt0286106', 'tt0217869']",False
Quentin Tarantino,"['tt0105236', 'tt0378194', 'tt0361748', 'tt0110912', 'tt0119396', 'tt0359715', 'tt0266697']",False
Hendel Butoy,['tt0100477'],False
 Mike Gabriel,['tt0100477'],False
Woody Allen,"['tt0497465', 'tt0075686', 'tt0107507', 'tt2334873', 'tt1605783', 'tt0118954', 'tt0109348', 'tt0091167', 'tt0416320']",False
Roman Polanski,"['tt0071315', 'tt0142688', 'tt0253474']",False
David O. Russell,"['tt1800241', 'tt2446980', 'tt0964517', 'tt0120188']",False
Sam Mendes,"['tt0959337', 'tt0169547', 'tt1176740']",False
Cameron Crowe,"['tt0368709', 'tt0181875', 'tt0259711', 'tt0098258', 'tt0116695']",False
Tim Burton,"['tt0109707', 'tt0162661', 'tt1014759', 'tt0094721', 'tt0319061', 'tt1126590', 'tt0099487', 'tt0116996', 'tt1142977', 'tt0408236', 'tt0096895', 'tt0103776']",False
Peter Weir,"['tt0311113', 'tt1023114', 'tt0091557', 'tt0090329', 'tt0097165', 'tt0120382']",False
Paul Thomas Anderson,"['tt1560747', 'tt0469494', 'tt0272338', 'tt0175880', 'tt0118749', 'tt1791528']",False
Robert Altman,"['tt0075612', 'tt0070334', 'tt0066026', 'tt0280707', 'tt0073440']",False
Kenneth Branagh,"['tt0800369', 'tt0101669', 'tt0109836']",False
Nicole Holofcener,"['tt0878835', 'tt2390361']",True
Lee Tamahori,"['tt0435705', 'tt0119051']",False
Dan Gilroy,['tt2872718'],False
Barbet Schroeder,"['tt0105414', 'tt0113552']",False
Wes Craven,"['tt0087800', 'tt0120082', 'tt0111686', 'tt0257516', 'tt0134084', 'tt0166943', 'tt0117571', 'tt0077681']",False
John McTiernan,"['tt0264395', 'tt0093773', 'tt0095016', 'tt0112864', 'tt0099810', 'tt0107362']",False
Simon West,"['tt0144214', 'tt2231253', 'tt0472399', 'tt1764651', 'tt1656186']",False
Stephen Sommers,"['tt0120616', 'tt0118956', 'tt1046173']",False
David Cronenberg,"['tt0120907', 'tt0102511', 'tt0094964', 'tt0765443', 'tt0076590', 'tt2172584', 'tt0073705', 'tt0081455', 'tt1480656', 'tt0399146']",False
Steven Spielberg,"['tt0067023', 'tt0107290', 'tt0264464', 'tt1568911', 'tt0367882', 'tt0983193', 'tt0212720', 'tt3682448', 'tt0102057', 'tt0120815', 'tt0087469', 'tt0082971', 'tt0407304', 'tt0443272', 'tt0097576', 'tt0408306', 'tt0108052', 'tt0119567', 'tt0073195', 'tt0181689']",False
Dean Parisot,"['tt0369441', 'tt0177789']",False
David Gordon Green,"['tt0453548', 'tt0910936', 'tt0360130']",False
P.J. Hogan,['tt0119738'],False
Howard Zieff,"['tt0102492', 'tt0110613', 'tt0081375']",False
Rob Cohen,"['tt0232500', 'tt0295701', 'tt3181822', 'tt0859163']",False
Daniel Myrick,['tt0185937'],False
 Eduardo Sánchez,['tt0185937'],False
Wolfgang Reitherman,['tt0061852'],False
Guy Ritchie,"['tt1032755', 'tt0988045', 'tt0208092']",False
John G. Avildsen,"['tt0075148', 'tt0105159', 'tt0087538', 'tt0100507']",False
John Frankenheimer,"['tt0122690', 'tt0116654', 'tt0073018', 'tt0184858']",False
Carlo Carlei,['tt1645131'],False
Jim Sharman,['tt0073629'],False
Kevin Reynolds,"['tt0102798', 'tt0118531', 'tt0375154', 'tt0114898']",False
Michael Bay,"['tt0117500', 'tt0213149', 'tt0399201', 'tt0120591', 'tt1980209', 'tt0112442']",False
Ang Lee,"['tt0388795', 'tt0454876', 'tt0114388', 'tt0119349', 'tt0286716']",False
Richard Linklater,"['tt0112471', 'tt0106677', 'tt2209418', 'tt1065073', 'tt0120238', 'tt0381681', 'tt0405296', 'tt0332379']",False
Noah Baumbach,"['tt0113537', 'tt2872462', 'tt1791682', 'tt0757361', 'tt1234654', 'tt0367089']",False
Ron Clements,"['tt0103639', 'tt0097757', 'tt0119282']",False
 John Musker,"['tt0103639', 'tt0097757', 'tt0119282']",False
Trey Parker,"['tt0158983', 'tt0372588']",False
David Lynch,"['tt0087182', 'tt0116922', 'tt0080678', 'tt0090756', 'tt0166924', 'tt0105665', 'tt0100935']",False
John Michael McDonagh,"['tt2234003', 'tt1540133']",False
Anton Corbijn,"['tt1972571', 'tt1440728']",False
George Lucas,"['tt0120915', 'tt0066434', 'tt0069704', 'tt0121766', 'tt0076759', 'tt0121765']",False
Jeremiah S. Chechik,"['tt0097958', 'tt0106387', 'tt0116095']",False
Rick Famuyiwa,['tt3850214'],False
Sidney Lumet,"['tt0070666', 'tt0084855', 'tt0072890', 'tt0074958']",False
David Fincher,"['tt1568346', 'tt2267998', 'tt0119174', 'tt0103644', 'tt0258000', 'tt0114369', 'tt0137523', 'tt1285016', 'tt0421715', 'tt0443706']",False
Steven Zaillian,"['tt0108065', 'tt0120633']",False
Michael Powell,['tt0054167'],False
Robert Benton,"['tt0308383', 'tt0079417']",False
Joe Dante,"['tt0082533', 'tt0318155', 'tt0093260', 'tt0099700', 'tt0087363']",False
John Dahl,"['tt0105226', 'tt0128442', 'tt0206314']",False
Michael Mann,"['tt0369339', 'tt0085780', 'tt0104691', 'tt0091474', 'tt0140352', 'tt1152836', 'tt0083190', 'tt0430357', 'tt0248667', 'tt0113277']",False
John Carpenter,"['tt0088172', 'tt0104850', 'tt0085333', 'tt0082340', 'tt0113409', 'tt1369706', 'tt0069945', 'tt0116225', 'tt0093777', 'tt0096256', 'tt0077651', 'tt0114852']",False
George Roy Hill,['tt0070735'],False
David Koepp,"['tt0164181', 'tt3045616', 'tt0995039']",False
Ken Shapiro,['tt0082763'],False
Joshua Marston,['tt0390221'],False
Joel Zwick,['tt0259446'],False
Lucas Lowe,['tt0101327'],False
Anthony Waller,"['tt0118604', 'tt0110604']",False
Robert Florey,['tt0019777'],False
 Joseph Santley,['tt0019777'],False
Michael Apted,"['tt0080549', 'tt0143145', 'tt0278435', 'tt0105585']",False
John Wells,"['tt1172991', 'tt1322269']",False
Ellie Kanner,"['tt0416658', 'tt2114461']",True
Richard Donner,"['tt0118883', 'tt0110478', 'tt0112401', 'tt0122151', 'tt0093409']",False
J. Lee Thompson,['tt0068408'],False
Daniel Espinosa,['tt1599348'],False
Tony Scott,"['tt0266987', 'tt0112740', 'tt0328107', 'tt0120660', 'tt0421054', 'tt0108399', 'tt0477080', 'tt0100485', 'tt0102266', 'tt0099371', 'tt0453467', 'tt0092099']",False
Luis Valdez,['tt0093378'],False
Merian C. Cooper,['tt0024216'],False
 Ernest B. Schoedsack,['tt0024216'],False
Taylor Hackford,"['tt0084434', 'tt0109642', 'tt0118971']",False
Joe Carnahan,"['tt1601913', 'tt0475394', 'tt0429493']",False
Robert Rodriguez,"['tt0462322', 'tt0133751', 'tt0104815', 'tt0116367']",False
 Eli Roth,"['tt0462322', 'tt0361748']",False
 Edgar Wright,['tt0462322'],False
 Rob Zombie,['tt0462322'],False
Renny Harlin,"['tt0204313', 'tt0098987', 'tt0116908', 'tt0106582', 'tt0099423', 'tt0095742']",False
Sam Taylor-Johnson,['tt1266029'],True
Robert Zemeckis,"['tt1907668', 'tt0088763', 'tt0161081', 'tt0104070', 'tt0118884', 'tt0109830', 'tt0162222', 'tt0442933', 'tt0096438', 'tt0096874', 'tt0099088']",False
Michael Roemer,['tt0058414'],False
Lesli Linka Glatter,['tt0114011'],True
Fernando Meirelles,['tt0317248'],False
 Kátia Lund,['tt0317248'],False
Fritz Kiersch,['tt0087050'],False
Antonia Bird,['tt0129332'],False
Darren Aronofsky,"['tt1125849', 'tt0138704', 'tt1959490', 'tt0947798', 'tt0180093']",False
Nicole Kassell,['tt0361127'],True
Curtis Hanson,"['tt0185014', 'tt0388125', 'tt0119488', 'tt0104389']",False
Ava DuVernay,"['tt1211890', 'tt1020072']",True
Brian Helgeland,"['tt0120784', 'tt3569230', 'tt0453562']",False
Ron Underwood,"['tt0120751', 'tt0100814']",False
Bryan Spicer,['tt0113820'],False
Danny Boyle,"['tt0117951', 'tt0289043', 'tt2080374', 'tt0111149', 'tt1010048', 'tt1542344', 'tt0163978']",False
Josh Boone,['tt2582846'],False
Terry Gilliam,"['tt0120669', 'tt1054606', 'tt0088846', 'tt0114746', 'tt0101889', 'tt2333804']",False
Carl Reiner,"['tt0106873', 'tt0079367']",False
Stephen Frears,"['tt0099703', 'tt0104412', 'tt0146882', 'tt2431286', 'tt0436697', 'tt1486190']",False
Roger Christian,['tt0185183'],False
Lee Daniels,"['tt1327773', 'tt0929632']",False
Grant Heslov,['tt1234548'],False
Preston Sturges,['tt0034240'],False
Etan Cohen,['tt2561572'],False
James Foley,"['tt0310910', 'tt0104348', 'tt0142192']",False
Wayne Kramer,['tt0318374'],False
Jon Amiel,"['tt0112722', 'tt0137494', 'tt0974014']",False
Phillip Noyce,"['tt0109444', 'tt0944835', 'tt0120053']",False
Phil Lord,"['tt0844471', 'tt2294449', 'tt1490017']",False
 Christopher Miller,"['tt0844471', 'tt2294449', 'tt1490017']",False
Kyle Balda,['tt2293640'],False
 Pierre Coffin,['tt2293640'],False
Joel Schumacher,"['tt0183649', 'tt0112462', 'tt0118688', 'tt0481369', 'tt0093437', 'tt0134273', 'tt0090060', 'tt0109446']",False
Bobby Farrelly,"['tt0129387', 'tt0383010', 'tt2096672', 'tt0480687']",False
 Peter Farrelly,"['tt0129387', 'tt0383010', 'tt2096672', 'tt0480687']",False
Tony Bill,['tt0081207'],False
Sam Peckinpah,"['tt0070518', 'tt0068638', 'tt0065214']",False
Martin Scorsese,"['tt0338751', 'tt0112641', 'tt0099685', 'tt0070379', 'tt0095497', 'tt0407887', 'tt0163988', 'tt0119485', 'tt0085794', 'tt0993846', 'tt0101540', 'tt0217505', 'tt0081398', 'tt0075314']",False
Ti West,['tt0961722'],False
Peter Sollett,"['tt0981227', 'tt0240507']",False
Jon Poll,['tt0423977'],False
Larry Clark,['tt0113540'],False
Dominic Sena,"['tt0107302', 'tt0187078', 'tt0244244', 'tt0479997', 'tt0365929']",False
Phil Traill,['tt0881891'],False
John Irvin,['tt0082449'],False
Scott Derrickson,"['tt2377322', 'tt1922777']",False
Christian E. Christiansen,['tt1265990'],False
Byron Haskin,['tt0046534'],False
Brian De Palma,"['tt0106519', 'tt0074991', 'tt0387877', 'tt0086250', 'tt0120832', 'tt0097027', 'tt0099165', 'tt0117060', 'tt0183523']",False
Mira Nair,['tt1129445'],True
Christian Alvart,"['tt0795351', 'tt1188729']",False
Rupert Wainwright,['tt0432291'],False
Nora Ephron,"['tt0108160', 'tt0128853']",True
Fred Schepisi,['tt0108149'],False
Mike Leigh,"['tt2473794', 'tt1431181']",False
Anna Boden,"['tt2349144', 'tt0990413', 'tt0804497']",True
 Ryan Fleck,"['tt2349144', 'tt0990413', 'tt0804497']",False
Alfonso Gomez-Rejon,"['tt2582496', 'tt2561546']",False
J.J. Abrams,"['tt0796366', 'tt1650062', 'tt2488496']",False
Julian Schnabel,"['tt0115632', 'tt0401383']",False
Lana Wachowski,"['tt0234215', 'tt0133093', 'tt0115736', 'tt0811080']",True
 Lilly Wachowski,"['tt0234215', 'tt0133093', 'tt1371111', 'tt0115736', 'tt0811080']",False
Chuck Russell,"['tt0110475', 'tt0094761', 'tt0093629']",False
John Moore,['tt0467197'],False
Jake Kasdan,"['tt0120906', 'tt1284575']",False
Mel Smith,['tt0118689'],False
Spike Lee,"['tt0454848', 'tt0104797', 'tt0307901', 'tt0097216', 'tt0215545']",False
Barry Sonnenfeld,"['tt0119654', 'tt0101272', 'tt1409024', 'tt0113161', 'tt0120891']",False
Joe Lynch,['tt1945084'],False
Michaël R. Roskam,['tt1600196'],False
Haifaa Al-Mansour,['tt2258858'],True
Jay Roach,"['tt3203606', 'tt0118655', 'tt0145660', 'tt0427152']",False
James Vanderbilt,['tt3859076'],False
James Marsh,['tt2980516'],False
Clint Eastwood,"['tt0118548', 'tt0075029', 'tt1205489', 'tt0139668', 'tt1212419', 'tt0824747', 'tt0107808', 'tt0405159', 'tt0418689', 'tt0186566', 'tt1057500', 'tt2179136', 'tt0498380', 'tt0309377', 'tt0327056', 'tt0067588', 'tt0112579', 'tt0105695']",False
Christian Duguay,['tt0118647'],False
Marco Brambilla,['tt0106697'],False
Dave Meyers,['tt0455960'],False
Robert Clouse,['tt0070034'],False
Kathryn Bigelow,"['tt0887912', 'tt0114558', 'tt0102685', 'tt0093605', 'tt1790885']",True
David Mamet,"['tt0093223', 'tt0252503', 'tt0360009', 'tt1012804', 'tt0120202']",False
Seth Gordon,"['tt2024432', 'tt1499658']",False
Guillermo del Toro,"['tt0167190', 'tt0411477', 'tt0457430', 'tt1663662', 'tt0187738', 'tt0119675']",False
Kevin Munroe,['tt0453556'],False
Louis Leterrier,"['tt1670345', 'tt0800080', 'tt0800320']",False
Alexander Mackendrick,['tt0051036'],False
Robert Logevall,['tt0847214'],False
Lasse Hallström,"['tt0120824', 'tt0124315', 'tt2980648', 'tt0241303']",False
John Flynn,['tt0076637'],False
Robert Luketic,"['tt0250494', 'tt0478087', 'tt1142988']",False
Francis Ford Coppola,"['tt0071562', 'tt0091738', 'tt0086066', 'tt0078788', 'tt0103874', 'tt0068646']",False
Mark Helfrich,['tt0452625'],False
Peter Howitt,"['tt2304953', 'tt0218817']",False
Antoine Fuqua,"['tt0139654', 'tt1798684', 'tt0455944', 'tt1210042']",False
Jodie Foster,"['tt0102316', 'tt1321860']",False
Norman Jewison,"['tt0110737', 'tt0059037', 'tt0093565', 'tt0088683']",False
Peyton Reed,['tt1068680'],False
Harold Ramis,"['tt1045778', 'tt0080487', 'tt0107048', 'tt0289848', 'tt0122933']",False
Bryan Singer,"['tt0120903', 'tt0290334', 'tt0118636', 'tt0985699', 'tt0114814']",False
Euzhan Palcy,['tt0097243'],True
Barbra Streisand,['tt0117057'],False
Will Gluck,"['tt1282140', 'tt1632708']",False
Ron Howard,"['tt0131369', 'tt0117438', 'tt1979320', 'tt0101393', 'tt0268978', 'tt0096446', 'tt0870111', 'tt0808151']",False
Miguel Arteta,"['tt0279113', 'tt1477837', 'tt0403702']",False
Gus Van Sant,"['tt0119217', 'tt1013753', 'tt2091473', 'tt0097240', 'tt0089537', 'tt0102494', 'tt0106834']",False
Ruben Fleischer,"['tt1321870', 'tt1622547']",False
Rachel Talalay,['tt0101917'],True
Philip Kaufman,['tt0180073'],False
Francis Lawrence,"['tt1067583', 'tt0360486', 'tt0480249']",False
Gary Winick,['tt0892318'],False
Gavin O'Connor,['tt1291584'],False
Jacques Tourneur,"['tt0036104', 'tt0036027']",False
Steven Soderbergh,"['tt1130080', 'tt0349903', 'tt0240772', 'tt0307479', 'tt0195685', 'tt0165854', 'tt0120780', 'tt0102181', 'tt0181865']",False
Scott Spiegel,['tt0120860'],False
Rob Schmidt,['tt0295700'],False
Clive Barker,"['tt0093177', 'tt0113690']",False
Jonathan Kesselman,['tt0317640'],False
Paul Mazursky,"['tt0090966', 'tt0087747', 'tt0078444']",False
Joel Hopkins,['tt1046947'],False
George A. Romero,"['tt0418819', 'tt0106664', 'tt0088993', 'tt0083767']",False
Alan Parker,"['tt0099291', 'tt0077928', 'tt0289992', 'tt0084675']",False
Tom Hanks,['tt1583420'],False
Jonathan Lynn,"['tt0088930', 'tt0104114', 'tt0104952']",False
Judd Apatow,"['tt1758830', 'tt0478311', 'tt0405422', 'tt1201167']",False
John Curran,['tt1423995'],False
Marc Forster,"['tt0371257', 'tt0420223', 'tt0285742', 'tt0816711', 'tt1586752']",False
Luc Besson,"['tt0095250', 'tt0110413', 'tt0119116', 'tt2404311', 'tt2872732']",False
Monte Hellman,['tt0067893'],False
John Madden,"['tt1412386', 'tt0138097', 'tt0119280', 'tt1226753']",False
David Yates,['tt0417741'],False
Don Bluth,['tt0118617'],False
 Gary Goldman,['tt0118617'],False
Uwe Boll,['tt0369226'],False
Tarsem Singh,"['tt0209958', 'tt2140379']",False
Lee Toland Krieger,['tt1405365'],False
John Waters,"['tt0173716', 'tt0111127']",False
Roland Joffé,['tt0103976'],False
Orson Welles,"['tt0033467', 'tt0040525', 'tt0052311']",False
Nicholas Stoller,"['tt0800039', 'tt1226229']",False
Sarah Gavron,['tt3077214'],True
Eran Creevy,['tt1104126'],False
Theodore Melfi,['tt2170593'],False
Harmony Korine,['tt2101441'],False
James Kent,['tt1441953'],False
Raja Gosnell,"['tt0267913', 'tt0151738', 'tt2017020', 'tt0472181']",False
James Gunn,"['tt1512235', 'tt0439815']",False
Richard Kelly,"['tt0405336', 'tt0362478', 'tt0246578']",False
John Carney,['tt1980929'],False
Thomas Carter,"['tt0119664', 'tt0206275']",False
Simon Curtis,"['tt2404425', 'tt1655420']",False
Damián Szifrón,['tt3011894'],False
Paolo Sorrentino,['tt3312830'],False
Rich Moore,['tt1772341'],False
John Badham,"['tt0113972', 'tt0107843', 'tt0099141']",False
Tom Shadyac,"['tt0109040', 'tt0315327', 'tt0119528']",False
Boris Sagal,['tt0067525'],False
George Nolfi,['tt1385826'],False
Paul Schrader,"['tt0118564', 'tt0093415', 'tt0080365', 'tt0102307', 'tt0079271']",False
Steve Carr,['tt0195945'],False
Paul Haggis,"['tt1458175', 'tt0478134', 'tt0375679']",False
Yorgos Lanthimos,['tt3464902'],False
Michael Goldenberg,['tt0115644'],False
Sylvain White,['tt0480255'],False
James Whale,['tt0021884'],False
Mike Judge,"['tt0151804', 'tt0387808', 'tt1225822', 'tt0115641']",False
Wally Pfister,['tt2209764'],False
David Ayer,"['tt0421073', 'tt1742334', 'tt1855199', 'tt2713180']",False
Steven Lisberger,['tt0084827'],False
D.J. Caruso,"['tt0364045', 'tt1464540', 'tt0486822', 'tt1059786', 'tt0417217', 'tt0235737']",False
Jean-Pierre Jeunet,"['tt0118583', 'tt0211915']",False
Joan Tewkesbury,['tt0079660'],True
Todd Solondz,['tt0250081'],False
Harold Becker,"['tt0107497', 'tt0098273', 'tt0115907']",False
Paul Verhoeven,"['tt0100802', 'tt0114436', 'tt0164052', 'tt0103772', 'tt0120201']",False
Paul Brickman,['tt0086200'],False
Jaume Collet-Serra,"['tt2199571', 'tt1148204', 'tt0397065']",False
Jack Sholder,['tt0089686'],False
Elia Kazan,['tt0047296'],False
Mark Rydell,['tt0082846'],False
David Gelb,['tt2918436'],False
Sam Raimi,"['tt1127180', 'tt0120324', 'tt0106308', 'tt0316654']",False
Patrick Lussier,"['tt1502404', 'tt1179891', 'tt0219653']",False
Rob Marshall,"['tt0397535', 'tt0875034', 'tt2180411']",False
Michael Caton-Jones,"['tt0100133', 'tt0108330']",False
Jonathan Demme,"['tt0081150', 'tt0120603', 'tt0368008', 'tt0091983', 'tt0102926', 'tt0107818', 'tt1084950']",False
Mark Waters,['tt0377092'],False
Ellory Elkayem,['tt0271367'],False
Alexander Payne,"['tt0126886', 'tt0375063', 'tt1033575', 'tt1821549']",False
Damien Chazelle,['tt2582802'],False
Ritesh Batra,['tt2350496'],False
Edmund Goulding,['tt0022958'],False
Mike Nichols,"['tt0061722', 'tt0096463', 'tt0065528']",False
Cary Joji Fukunaga,"['tt1127715', 'tt1365050', 'tt1229822']",False
Peter MacDonald,['tt0126388'],False
Peter Jackson,"['tt0110005', 'tt0360717', 'tt0120737', 'tt0167260', 'tt0167261', 'tt0116365']",False
Herbert Ross,"['tt0112571', 'tt0075194', 'tt0076095', 'tt0100212']",False
Steve Miner,"['tt0139414', 'tt0120694', 'tt0083972']",False
Colin Strause,['tt0758730'],False
 Greg Strause,['tt0758730'],False
Todd Phillips,"['tt0302886', 'tt1119646']",False
Stephen Hopkins,"['tt0100403', 'tt0116409', 'tt0120738', 'tt0097981']",False
Nimród Antal,"['tt1424381', 'tt0913354', 'tt0452702']",False
Henry Bean,['tt0247199'],False
Hal Ashby,"['tt0078841', 'tt0073692', 'tt0067185']",False
Betty Thomas,['tt0191754'],True
Kenneth Lonergan,"['tt0466893', 'tt0203230']",False
James Mangold,"['tt0381849', 'tt1013743', 'tt0035423', 'tt1430132', 'tt0309698']",False
Jack Clayton,['tt0086336'],False
Clare Kilner,['tt0372532'],True
Billy Wilder,"['tt0053291', 'tt0037884', 'tt0043014', 'tt0036775', 'tt0051201', 'tt0046359', 'tt0053604', 'tt0066249']",False
John Glen,"['tt0086034', 'tt0082398']",False
Jeannot Szwarc,"['tt0081534', 'tt0088206', 'tt0077766']",False
Eli Craig,['tt1465522'],False
Van Flesher,['tt0307879'],False
Eric Bress,['tt0289879'],False
 J. Mackye Gruber,['tt0289879'],False
Burr Steers,['tt0974661'],False
Rodrigo Cortés,"['tt1462758', 'tt1748179']",False
Ron Shelton,"['tt0094812', 'tt0109450', 'tt0117918']",False
Jacques Audiard,['tt2053425'],False
Steve Antin,['tt1126591'],False
Andrew Davis,"['tt0088936', 'tt0233469', 'tt0311289', 'tt0115857', 'tt0094602', 'tt0106977']",False
George Clooney,"['tt0270288', 'tt1124035']",False
Sean Durkin,['tt1441326'],False
J.C. Chandor,"['tt1615147', 'tt2937898']",False
David Frankel,"['tt0822832', 'tt1196956', 'tt0458352']",False
Andrew Adamson,"['tt0126029', 'tt0298148']",False
 Vicky Jenson,['tt0126029'],False
Lenny Abrahamson,['tt3170832'],False
John Maclean,['tt3205376'],False
Geoffrey Wright,"['tt0175526', 'tt0434541']",False
Steve Gordon,['tt0082031'],False
James L. Brooks,"['tt0119822', 'tt0092699', 'tt1341188', 'tt0110097', 'tt0086425', 'tt0371246']",False
Edwin L. Marin,['tt0037343'],False
Nigel Cole,['tt1371155'],False
Bob Rafelson,"['tt0104804', 'tt0115710', 'tt0065724']",False
Luis Buñuel,['tt0055601'],False
Neil Burger,"['tt0443543', 'tt1219289']",False
John Whitesell,['tt0328099'],False
Gary Ross,"['tt1392170', 'tt0120789']",False
Steve Shill,['tt1198138'],False
Jody Hill,['tt1197628'],False
Joseph Kosinski,['tt1483013'],False
Roger Michell,"['tt0125439', 'tt1477855']",False
Rob Zombie,"['tt0251736', 'tt0395584', 'tt0373883']",False
Terry George,['tt0395169'],False
Howard Hawks,"['tt0032599', 'tt0061619']",False
Florent-Emilio Siri,['tt0340163'],False
Arthur Hiller,"['tt0067217', 'tt0075223']",False
Hal Hartley,['tt0122529'],False
Jan de Bont,"['tt0117998', 'tt0171363']",False
Richard Fleischer,"['tt0060397', 'tt0073349']",False
Todd Haynes,"['tt0297884', 'tt2402927']",False
Oley Sassone,['tt0109770'],False
Alan Rudolph,"['tt0087054', 'tt0120618']",False
Ken Scott,['tt2387559'],False
John Hughes,"['tt0090305', 'tt0091042', 'tt0088847', 'tt0101635', 'tt0088128', 'tt0098554']",False
Mark Pellington,"['tt1029120', 'tt0137363', 'tt0265349', 'tt1691920']",False
Spike Jonze,"['tt1798709', 'tt0268126', 'tt0120601', 'tt0386117']",False
Jeff Bleckner,['tt1097649'],False
Greg Mottola,"['tt1091722', 'tt1092026', 'tt0829482']",False
Leo McCarey,"['tt0050105', 'tt0023969']",False
Roger Donaldson,"['tt2402157', 'tt0292506', 'tt0146309']",False
Gonzalo López-Gallego,['tt1772240'],False
Adam Shankman,"['tt1336608', 'tt0395699', 'tt0281358']",False
Julia Leigh,['tt1588398'],True
Pierre Morel,"['tt2515034', 'tt0936501']",False
Marc Buckland,['tt0353092'],False
Alan J. Pakula,"['tt0107798', 'tt0067309', 'tt0071970', 'tt0074119']",False
Richard Dutcher,['tt0892051'],False
Adam Green,"['tt1270835', 'tt0422401']",False
Tony Gilroy,['tt0465538'],False
Chris Columbus,"['tt0241527', 'tt0120686', 'tt2120120', 'tt0099785', 'tt0294870', 'tt0295297']",False
Anthony Minghella,"['tt0116209', 'tt0134119', 'tt0159365']",False
Rod Lurie,"['tt0272020', 'tt0999913']",False
Wes Ball,['tt1790864'],False
Jon Favreau,"['tt2883512', 'tt0227005', 'tt0319343', 'tt0409847']",False
Mike Hodges,"['tt0159382', 'tt0080745']",False
Alex Proyas,"['tt0109506', 'tt0118929']",False
Bharat Nalluri,['tt0132910'],False
Tate Taylor,"['tt1454029', 'tt2473602']",False
Malcolm Venville,['tt1220888'],False
Spencer Susser,['tt1403177'],False
Hector Babenco,['tt0089424'],False
Mark Osborne,['tt0441773'],False
 John Stevenson,['tt0441773'],False
Terrence Malick,"['tt0120863', 'tt0478304', 'tt0077405', 'tt0069762']",False
Christopher Morris,['tt1341167'],False
Richard Lester,"['tt0081573', 'tt0086393', 'tt0063426']",False
 Richard Donner,['tt0081573'],False
Andrew Niccol,"['tt0258153', 'tt1637688', 'tt0119177', 'tt0399295']",False
Sidney J. Furie,['tt0094074'],False
Jez Butterworth,['tt0188453'],False
Craig Brewer,['tt0462200'],False
Mark Neveldine,"['tt1034032', 'tt0479884']",False
 Brian Taylor,"['tt1034032', 'tt0479884']",False
Ivan Reitman,"['tt0097428', 'tt1411238', 'tt0087332', 'tt0106673', 'tt0096320']",False
Adam Rifkin,['tt0165710'],False
Carl Franklin,['tt0112857'],False
Amma Asante,['tt2404181'],True
Alejandro G. Iñárritu,"['tt2562232', 'tt0449467', 'tt1663202']",False
John Crowley,['tt2381111'],False
John Lasseter,"['tt1216475', 'tt0114709']",False
 Brad Lewis,['tt1216475'],False
Nihat Seven,['tt2387411'],False
James Gartner,['tt0385726'],False
Garry Marshall,"['tt0163187', 'tt0094715', 'tt0817230', 'tt0100405']",False
Carter Smith,['tt0963794'],False
Nicholas Meyer,"['tt0084726', 'tt0102975', 'tt0080025']",False
Andrzej Bartkowiak,"['tt0306685', 'tt0891592', 'tt0419706']",False
Victor Fleming,"['tt0032138', 'tt0033553']",False
 George Cukor,['tt0032138'],False
 Mervyn LeRoy,['tt0032138'],False
 Norman Taurog,['tt0032138'],False
 King Vidor,['tt0032138'],False
Dan Scanlon,['tt1453405'],False
Robert Harmon,['tt0107711'],False
László Nemes,['tt3808342'],False
Adam McKay,"['tt1596363', 'tt0415306', 'tt0357413', 'tt1386588']",False
Gavin Hood,['tt0458525'],False
Ken Kwapis,"['tt0376874', 'tt1001508']",False
Nicholas Hytner,['tt3722070'],False
Michael Patrick King,['tt1000774'],False
Irwin Winkler,"['tt0132512', 'tt0264796']",False
David R. Ellis,"['tt0337921', 'tt1633356', 'tt0309593']",False
Mel Brooks,"['tt0072431', 'tt0071230', 'tt0094012']",False
Pitof,['tt0327554'],False
Jane Campion,"['tt0107822', 'tt0810784']",False
Randall Wallace,"['tt0120744', 'tt1929263', 'tt1028576']",False
Andy Tennant,"['tt0386588', 'tt1038919']",False
Jim Gillespie,['tt0119345'],False
John August,['tt0810988'],False
Ernst Lubitsch,"['tt0031725', 'tt0023622']",False
James McTeigue,"['tt1186367', 'tt0434409']",False
Rian Johnson,"['tt1276104', 'tt0393109', 'tt0844286']",False
Douglas Aarniokoski,['tt0144964'],False
Anthony Hickox,['tt0104409'],False
John Herzfeld,['tt0179626'],False
Joe Johnston,"['tt0458339', 'tt0102803', 'tt0163025', 'tt0780653']",False
Mary Lambert,"['tt0105128', 'tt0098084']",False
Roger Avary,"['tt0110265', 'tt0292644']",False
Guy Hamilton,"['tt0083908', 'tt0070328']",False
Sylvester Stallone,"['tt1320253', 'tt0079817', 'tt0084602', 'tt0479143']",False
William Friedkin,"['tt0070047', 'tt1726669', 'tt0067116']",False
Mikael Håfström,['tt0450385'],False
Brian Levant,['tt0109813'],False
Michael Lehmann,"['tt0097493', 'tt0102070']",False
Beth Schacter,['tt0790721'],False
James Cullen Bressack,"['tt2257436', 'tt1909807']",False
Mark L. Lester,['tt0087262'],False
Martin Brest,['tt0119643'],False
Kevin Goetz,['tt1663655'],False
 Michael Goetz,['tt1663655'],False
Frank Darabont,"['tt0268995', 'tt0111161', 'tt0884328', 'tt0120689']",False
Mark L. Smith,['tt0814343'],False
Sarah Polley,"['tt0491747', 'tt1592281']",False
Joe Wright,"['tt0783233', 'tt3332064', 'tt0414387', 'tt1781769', 'tt0993842']",False
Alex Kurtzman,['tt1716777'],False
Neill Blomkamp,['tt1535108'],False
Jake Schreier,['tt3622592'],False
Steve Hickner,['tt0389790'],False
 Simon J. Smith,['tt0389790'],False
Mario Van Peebles,['tt0114084'],False
Richard Benjamin,"['tt0087062', 'tt0117104']",False
Oscar L. Costo,['tt0338963'],False
Tony Kaye,['tt0120586'],False
Jonathan Mostow,"['tt0118771', 'tt0986263']",False
 Kelly Asbury,['tt0298148'],False
 Conrad Vernon,['tt0298148'],False
Brad Mirman,['tt0310924'],False
Kurt Wimmer,['tt0238380'],False
Terry Jones,['tt0097289'],False
Sergio Leone,['tt0087843'],False
John Milius,"['tt0073906', 'tt0097334']",False
Jeff Nichols,"['tt1675192', 'tt1935179']",False
Nicolas Winding Refn,"['tt0780504', 'tt1602613']",False
Stephen Gaghan,['tt0365737'],False
Vincenzo Natali,['tt0123755'],False
Roger Kumble,['tt0139134'],False
Alfred Hitchcock,"['tt0052357', 'tt0056869', 'tt0074512', 'tt0054215', 'tt0049470', 'tt0047396', 'tt0053125']",False
Neil Jordan,"['tt0104036', 'tt0110148', 'tt0476964', 'tt0098625']",False
David Wheatley,['tt0097806'],False
Tom Hooper,"['tt1226271', 'tt1504320', 'tt1707386']",False
Rick Bota,"['tt0337636', 'tt0274546']",False
Michael Patrick Jann,['tt0157503'],False
Baz Luhrmann,"['tt0117509', 'tt1343092']",False
Rob Minkoff,"['tt0243585', 'tt0164912']",False
Cirio H. Santiago,['tt0111300'],False
Brad Bird,"['tt0129167', 'tt0317705', 'tt0382932']",False
Paul Weitz,"['tt0385267', 'tt0450405', 'tt4270516', 'tt0163651']",False
Doug Liman,"['tt0139239', 'tt0117802', 'tt0258463', 'tt0356910', 'tt0489099']",False
Hal Needham,['tt0076729'],False
Bill Condon,"['tt0120684', 'tt1837703']",False
Wayne Wang,['tt0114478'],False
 Paul Auster,['tt0114478'],False
Rob Hedden,['tt0097388'],False
Pierre Coffin,"['tt1690953', 'tt1323594']",False
 Chris Renaud,"['tt1690953', 'tt1323594']",False
Henry Selick,"['tt0327597', 'tt0107688', 'tt0166276']",False
Justin Simien,['tt2235108'],False
Dan Fogelman,['tt1772288'],False
Richard C. Sarafian,['tt0067927'],False
Peter Yates,['tt0078902'],False
Paul Feig,['tt1478338'],False
James Wan,"['tt0387564', 'tt2226417', 'tt1591095']",False
Tim Pope,['tt0115986'],False
Bernard Murray Jr.,['tt0418206'],False
Lone Scherfig,"['tt2717860', 'tt1174732']",True
Debbie Tucker Green,['tt2837296'],True
Martin Campbell,"['tt1133985', 'tt1226273', 'tt0113189']",False
E. Elias Merhige,"['tt0324127', 'tt0189998']",False
Oren Moverman,"['tt0790712', 'tt1640548']",False
Rupert Wyatt,"['tt2039393', 'tt1318514']",False
James Ponsoldt,"['tt3416744', 'tt2063781', 'tt1714206']",False
Marielle Heller,['tt3172532'],False
Graham Annable,['tt0787474'],False
 Anthony Stacchi,['tt0787474'],False
Steve McQueen,"['tt1723811', 'tt2024544']",False
John Singleton,['tt0101507'],False
Neil Marshall,"['tt0435625', 'tt0483607']",False
Kirk De Micco,['tt0481499'],False
 Chris Sanders,"['tt0481499', 'tt0892769']",False
Roland Emmerich,"['tt0116629', 'tt0187393', 'tt2334879', 'tt1521197', 'tt1190080']",False
Justin Chadwick,['tt0467200'],False
William Malone,['tt0185371'],False
Richard Franklin,['tt0086154'],False
Daniel Barnz,['tt3442006'],False
Akiva Schaffer,['tt0787475'],False
Scott P. Levy,['tt0116573'],False
Peter Berg,"['tt0124198', 'tt0431197', 'tt1091191']",False
Timur Bekmambetov,['tt0493464'],False
Michael Spierig,['tt0433362'],False
 Peter Spierig,['tt0433362'],False
Andrew Dominik,"['tt0443680', 'tt1764234']",False
Joss Whedon,"['tt0848228', 'tt0379786']",False
John Erick Dowdle,['tt1781922'],False
Peter Hewitt,['tt1107860'],False
Zack Snyder,"['tt0416449', 'tt0409459']",False
David Twohy,"['tt0276816', 'tt0134847', 'tt0971209', 'tt1411250']",False
Russell Mulcahy,"['tt0102789', 'tt0091203']",False
Franklin J. Schaffner,['tt0063442'],False
David Wain,['tt1655460'],False
Todd Holland,['tt0098663'],False
Sydney Pollack,"['tt0079100', 'tt0068762', 'tt0073802', 'tt0073918', 'tt0084805']",False
Tom McCarthy,"['tt1895587', 'tt0857191', 'tt1606392']",False
Salim Akil,['tt1876451'],False
Peter Chelsom,['tt0240890'],False
Atom Egoyan,"['tt0120255', 'tt3704050']",False
Chris Menges,['tt0144286'],False
Pete Docter,"['tt1049413', 'tt2096673']",False
 Bob Peterson,['tt1049413'],False
John Sayles,"['tt0829193', 'tt0116905']",False
Robert Redford,"['tt0119314', 'tt0110932', 'tt0081283', 'tt0891527']",False
Steve Pink,"['tt1231587', 'tt1826590']",False
Terry Zwigoff,"['tt0162346', 'tt0364955', 'tt0307987']",False
Brad Furman,"['tt1189340', 'tt2364841']",False
James Ivory,['tt0091867'],False
Jay Lowi,['tt0448179'],False
Chris Rock,"['tt2784678', 'tt0770772']",False
Colin Higgins,['tt0080319'],False
Martin McDonagh,"['tt1931533', 'tt0780536']",False
Hugh Wilson,['tt0124298'],False
John Lee Hancock,"['tt0878804', 'tt2140373']",False
Sofia Coppola,"['tt2132285', 'tt0335266']",True
Shekhar Kapur,"['tt0240510', 'tt0414055', 'tt0127536']",False
Neal Sundstrom,['tt0301848'],False
James Wong,"['tt0195714', 'tt0414982']",False
Michael Ritchie,['tt0089155'],False
Tom Ford,['tt1315981'],False
John Gulager,['tt0426459'],False
Lawrence Kasdan,"['tt0090022', 'tt0082089', 'tt0140397', 'tt0285531']",False
Pedro Almodóvar,"['tt0913425', 'tt0287467']",False
David M. Evans,['tt0108037'],False
Fran Rubel Kuzui,['tt0103893'],False
Christine Jeffs,['tt0862846'],True
Francine McDougall,['tt0186589'],False
Karyn Kusama,['tt1131734'],True
 Loveleen Tandan,['tt1010048'],False
Billy Bob Thornton,"['tt0117666', 'tt0149624']",False
Debra Granik,['tt1399683'],True
Alan Poul,['tt1212436'],False
Daniel Mann,['tt0067991'],False
Uli Edel,"['tt0106453', 'tt3733778']",False
Mick Jackson,['tt0103855'],False
Glenn Standring,['tt0403407'],False
Stephen Chbosky,['tt1659337'],False
H.C. Potter,['tt0040613'],False
Griffin Dunne,['tt0120791'],False
John Fortenberry,['tt0120770'],False
 Amy Heckerling,['tt0120770'],False
Sacha Gervasi,['tt0975645'],False
Stephen C. Apostolof,['tt0054240'],False
John Boorman,"['tt0093209', 'tt0068473']",False
Olatunde Osunsanmi,"['tt1220198', 'tt1828970']",False
Albert Brooks,"['tt0101698', 'tt0089504']",False
David Slade,"['tt0389722', 'tt1325004']",False
Camille Delamarre,['tt1430612'],False
David Michôd,"['tt2345737', 'tt1313092']",False
Denis Villeneuve,"['tt3397884', 'tt1392214']",False
Sturla Gunnarsson,['tt0402057'],False
Jim McBride,['tt0092654'],False
Joseph L. Mankiewicz,['tt0045943'],False
Mark A.Z. Dippé,['tt0120177'],False
Christopher McQuarrie,"['tt0202677', 'tt0790724']",False
Derek Cianfrance,"['tt1817273', 'tt1120985']",False
Danny DeVito,"['tt0266489', 'tt0266452']",False
Roberto Benigni,['tt0118799'],False
Chris Renaud,['tt1482459'],False
 Kyle Balda,['tt1482459'],False
Richard Glatzer,['tt3316960'],False
 Wash Westmoreland,['tt3316960'],False
Alexandre Aja,"['tt0454841', 'tt1528071', 'tt0790686']",False
Garth Jennings,['tt0371724'],False
Tom Zuber,['tt0417907'],False
Stephen Kay,['tt0208988'],False
Aaron Schneider,['tt1194263'],False
Jerry Zucker,['tt0099653'],False
Martin Ritt,"['tt0069303', 'tt0079638']",False
Jon Turteltaub,"['tt0963966', 'tt0368891', 'tt0465234']",False
Jeremiah Cullinane,['tt0120174'],False
Ted Demme,"['tt0123964', 'tt0221027', 'tt0110955']",False
Stewart Hendler,['tt1232783'],False
Marcus Dunstan,['tt1748227'],False
John Woo,"['tt0119094', 'tt0115759', 'tt0120755']",False
Stuart Baird,"['tt0116253', 'tt0253754']",False
Amy Heckerling,"['tt0083929', 'tt0112697']",True
Stephen Norrington,['tt0120611'],False
Darren Lynn Bousman,['tt0890870'],False
Ben Lewin,['tt1866249'],False
Paul Greengrass,"['tt0440963', 'tt0372183', 'tt1535109', 'tt0947810']",False
Marcel Langenegger,['tt0800240'],False
Bill Duke,['tt0104073'],False
Michael Cimino,['tt0077416'],False
Chris Jones,['tt0108558'],False
Drew Barrymore,['tt1172233'],False
 Richard Stanley,['tt0116654'],False
Edgar Wright,"['tt0425112', 'tt0365748', 'tt0446029']",False
Dee Rees,['tt1233334'],True
BJ McDonnell,['tt1870419'],False
Chris Butler,['tt1623288'],False
 Sam Fell,['tt1623288'],False
Duncan Jones,"['tt1182345', 'tt0945513']",False
Thomas Bezucha,['tt1067774'],False
Jennifer Chambers Lynch,['tt0106471'],False
Adrian Lyne,['tt0099871'],False
Ben Affleck,"['tt1024648', 'tt0840361']",False
Dwight H. Little,['tt0095271'],False
Rick Rosenthal,"['tt0220506', 'tt0082495']",False
Alex Cox,['tt0087995'],False
Howard Deutch,"['tt0191397', 'tt0095253', 'tt0120773']",False
Mike Mills,['tt1532503'],False
Sean Anders,"['tt2170439', 'tt1528854']",False
Chris Miller,['tt0413267'],False
 Raman Hui,['tt0413267'],False
Bernard Rose,['tt0103919'],False
Kent Alterman,['tt0839980'],False
Ingmar Bergman,['tt0050976'],False
Bill Paxton,['tt0264616'],False
Robert Schwentke,['tt0408790'],False
Tyler Perry,['tt1405500'],False
Juan Carlos Fresnadillo,['tt0463854'],False
F. Gary Gray,"['tt1398426', 'tt0317740', 'tt1197624', 'tt0266465']",False
David S. Goyer,['tt0359013'],False
Ben Stiller,"['tt0115798', 'tt0359950', 'tt0942385']",False
Saul Dibb,['tt0864761'],False
Douglas McGrath,['tt0116191'],False
Tony Goldwyn,['tt1244754'],False
Stuart Rosenberg,['tt0061512'],False
Breck Eisner,['tt0455407'],False
Phil Alden Robinson,"['tt0097351', 'tt0105435']",False
Barry Levinson,"['tt0120885', 'tt0094155', 'tt0120184', 'tt0083833']",False
Scott Frank,['tt0427470'],False
Jonathan Dayton,['tt0449059'],False
 Valerie Faris,['tt0449059'],False
Michael Anderson,['tt0074812'],False
Todd Field,"['tt0404203', 'tt0247425']",False
Michel Gondry,"['tt0219822', 'tt0338013']",False
Ralph Fiennes,"['tt1372686', 'tt1700845']",False
Zach Braff,"['tt0333766', 'tt2870708']",False
Jim Kouf,['tt0118900'],False
Armando Iannucci,['tt1226774'],False
William Dieterle,['tt0022054'],False
Jonathan Frakes,"['tt0117731', 'tt0120844', 'tt0167456']",False
David Carson,['tt0111280'],False
William Shatner,['tt0098382'],False
Mark Robson,"['tt0037820', 'tt0036341', 'tt0041827']",False
Ernest R. Dickerson,['tt0166110'],False
George Armitage,['tt0119229'],False
Destin Cretton,['tt2370248'],False
Joe Chappelle,['tt0113253'],False
Shawn Levy,['tt1279935'],False
Jeff Arch,['tt0407680'],False
Sean Penn,['tt0758758'],False
Pat O'Connor,"['tt0119381', 'tt0230838']",False
David Mackenzie,['tt2567712'],False
Kevin Connor,['tt0081184'],False
Bruce Beresford,['tt0086423'],False
George Miller,"['tt0094332', 'tt0366548']",False
Matthew Robbins,['tt0082288'],False
Mike Newell,"['tt0119008', 'tt0330373', 'tt0473075']",False
George Cukor,['tt0023686'],False
Frank Coraci,"['tt0120888', 'tt0389860']",False
Alejandro Amenábar,['tt0230600'],False
Wolfgang Petersen,"['tt0114069', 'tt0332452', 'tt0118571', 'tt0107206']",False
Mel Gibson,['tt0112573'],False
Marcus Markou,['tt2006810'],False
Matthew Vaughn,"['tt1250777', 'tt2802144']",False
Kinka Usher,['tt0132347'],False
Zev Berman,['tt0452592'],False
James Cox,['tt0335563'],False
Ricky Gervais,['tt1058017'],False
 Matthew Robinson,['tt1058017'],False
Nicholas Jarecki,['tt1764183'],False
Peter Masterson,['tt0106303'],False
Jim Henson,['tt0082474'],False
Antony Hoffman,['tt0199753'],False
Martha Coolidge,"['tt0089886', 'tt0102753']",True
George P. Cosmatos,"['tt0089880', 'tt0097737', 'tt0108358']",False
Tom Tykwer,['tt1371111'],False
 Lana Wachowski,['tt1371111'],False
Kevin Costner,"['tt0119925', 'tt0099348']",False
Bryan Forbes,['tt0073747'],False
James Gray,['tt0498399'],False
Susan Montford,['tt0887971'],False
Michael Curtiz,"['tt0047673', 'tt0024368']",False
Akira Kurosawa,"['tt0047478', 'tt0080979']",False
Jennifer Kent,['tt2321549'],True
Adam Marcus,['tt0107254'],False
Tom McLoughlin,['tt0091080'],False
Mike Flanagan,['tt2388715'],False
Robert Wise,"['tt0037549', 'tt0079945', 'tt0043456']",False
Gregg Araki,['tt0112887'],False
Jonathan Hensleigh,['tt0330793'],False
Scott Cooper,['tt1263670'],False
Florian Henckel von Donnersmarck,['tt1243957'],False
Andrew Stanton,['tt0266543'],False
 Lee Unkrich,['tt0266543'],False
Robert B. Weide,['tt0455538'],False
Dean DeBlois,"['tt1646971', 'tt0892769']",False
Richard Attenborough,"['tt0083987', 'tt0103939']",False
Leonard Nimoy,"['tt0092007', 'tt0088170', 'tt0094137']",False
Steven R. Monroe,"['tt1242432', 'tt0486569']",False
Glenn Ficarra,['tt1045772'],False
 John Requa,['tt1045772'],False
Jessie Nelson,['tt0277027'],False
Rob Reiner,"['tt0092005', 'tt0098635', 'tt0093779', 'tt0104257', 'tt0112346', 'tt0825232', 'tt0100157']",False
Philip Seymour Hoffman,['tt1278379'],False
Gregory Jacobs,['tt0486051'],False
Joe Alves,['tt0085750'],False
John McNaughton,['tt0120890'],False
Mathieu Kassovitz,['tt0348836'],False
Sebastian Niemann,['tt0221928'],False
Benson Lee,['tt1532958'],False
W.S. Van Dyke,['tt0025878'],False
Phyllida Lloyd,['tt1007029'],True
Joan Chen,['tt0174480'],False
David Dobkin,"['tt0396269', 'tt1872194', 'tt1488555']",False
Irvin Kershner,['tt0080684'],False
Bernardo Bertolucci,['tt0070849'],False
Michael Hoffman,"['tt0824758', 'tt0425055']",False
Mike Figgis,['tt0113627'],False
John Cameron Mitchell,['tt0935075'],False
Cheryl Dunye,['tt0118125'],True
Lynne Ramsay,['tt1242460'],True
Stephen Herek,['tt0108333'],False
Tony Bancroft,['tt0120762'],False
 Barry Cook,"['tt0120762', 'tt1430607']",False
Janusz Kaminski,['tt0160484'],False
Gillo Pontecorvo,['tt0058946'],False
Michael Haneke,['tt1602620'],False
Eric Darnell,['tt0120587'],False
 Tim Johnson,['tt0120587'],False
Scott Stewart,"['tt1038686', 'tt0822847']",False
Marc Webb,['tt1022603'],False
John Landis,"['tt0082010', 'tt0089346', 'tt0086465', 'tt0094898']",False
Richard Stanley,['tt0099740'],False
Jack Smight,['tt0060490'],False
Jim Field Smith,['tt0815236'],False
Daniel Attias,['tt0090021'],False
Jean-Marc Vallée,"['tt2305051', 'tt0790636', 'tt0962736']",False
Charles Shyer,"['tt0375173', 'tt0101862']",False
Kevin Kangas,['tt0362636'],False
Albert Magnoli,['tt0087957'],False
Adam Wingard,"['tt2980592', 'tt1853739']",False
Gregory Widen,['tt0114194'],False
Anne Fletcher,['tt1041829'],True
Alan Taylor,['tt1340138'],False
Todd Strauss-Schulson,['tt2118624'],False
Eli Roth,['tt2403021'],False
Solomon Rothman,['tt1781782'],False
Troy Duffy,"['tt1300851', 'tt0144117']",False
Ben Younger,['tt0181984'],False
Gore Verbinski,"['tt0325980', 'tt0383574', 'tt0449088', 'tt0384680', 'tt0298130']",False
Robert D. Siegel,['tt1228953'],False
Gunther von Fritsch,['tt0036733'],False
 Robert Wise,['tt0036733'],False
Joseph Ruben,['tt0098524'],False
Dominique Othenin-Girard,['tt0097474'],False
 Dwight H. Little,['tt0097474'],False
Don Siegel,['tt0079116'],False
Paul Michael Glaser,['tt0104040'],False
Brad Peyton,['tt2126355'],False
Josh Gordon,['tt0445934'],False
 Will Speck,['tt0445934'],False
Dan Rush,['tt1531663'],False
Floria Sigismondi,['tt1017451'],True
Victor Salva,['tt0301470'],False
Joseph Sargent,['tt0093300'],False
Jimmy Hayward,['tt1075747'],False
Mark Romanek,['tt1334260'],False
John Fawcett,['tt0210070'],False
Ted Berman,['tt0088814'],False
 Richard Rich,['tt0088814'],False
Gary Shore,['tt0829150'],False
Chris Weitz,['tt1259571'],False
Nancy Meyers,"['tt1230414', 'tt0337741']",True
Brett Leonard,['tt0114857'],False
Charles Hage,['tt0831374'],False
Jeffrey Scott Richards,['tt2416048'],False
Josh Trank,['tt1706593'],False
Jonathan Winfrey,['tt0112533'],False
 Jan Pinkava,['tt0382932'],False
Alison Eastwood,['tt0822849'],False
Lorene Scafaria,['tt1307068'],True
Simon Wells,['tt0268695'],False
Tony Giglio,"['tt0857295', 'tt0402910']",False
Dom DeLuise,['tt0079308'],False
Milos Forman,"['tt0086879', 'tt0125664']",False
Abel Ferrara,['tt0103759'],False
Anand Tucker,['tt0338427'],False
Randall Rubin,['tt0425151'],False
 Jonathan Schroder,['tt0425151'],False
Nick Cassavetes,['tt0251160'],False
Ulu Grosbard,['tt0120646'],False
Alan Cumming,['tt0254099'],False
 Jennifer Jason Leigh,['tt0254099'],False
Max Landis,['tt2507238'],False
Daniel Waters,['tt0210094'],False
Glen Morgan,['tt0454082'],False
Susan Stroman,['tt0395251'],False
David S. Ward,"['tt0107889', 'tt0097815']",False
Adam Salky,['tt3640682'],False
David Robert Mitchell,['tt3235888'],False
Brett Haley,['tt3236120'],False
Morten Tyldum,['tt2084970'],False
Albert Pyun,['tt0196158'],False
Timothy Woodward Jr.,['tt2219868'],False
Emile Ardolino,['tt0105417'],False
Otto Preminger,['tt0052561'],False
Joe Pytka,['tt0117705'],False
W.D. Richter,['tt0086856'],False
Jim Abrahams,['tt0080339'],False
 David Zucker,['tt0080339'],False
 Jerry Zucker,['tt0080339'],False
Alec Baldwin,['tt0263265'],False
Richard J. Lewis,['tt1423894'],False
Jerry Lewis,['tt0068451'],False
Bryan Gordon,['tt0101545'],False
Robert Stromberg,['tt1587310'],False
Mike Gabriel,['tt0114148'],False
 Eric Goldberg,['tt0114148'],False
Jason Moore,['tt1981677'],False
Roger Spottiswoode,"['tt0086510', 'tt0120347']",False
Courtney Hunt,['tt0978759'],True
Ryan Coogler,['tt2334649'],False
Chris Buck,"['tt2294629', 'tt0120855']",False
 Jennifer Lee,['tt2294629'],False
Colin Trevorrow,['tt1862079'],False
Albert Hughes,['tt1037705'],False
 Allen Hughes,['tt1037705'],False
Arthur Penn,['tt0061418'],False
Mike Nawrocki,['tt0298388'],False
 Phil Vischer,['tt0298388'],False
Keenen Ivory Wayans,['tt0257106'],False
Cody Cameron,['tt1985966'],False
 Kris Pearn,['tt1985966'],False
Baltasar Kormákur,['tt1272878'],False
Sarah Smith,['tt1430607'],False
Jon Avnet,"['tt0118055', 'tt0101921']",False
John Maybury,['tt0366627'],False
Jamie Blanks,['tt0146336'],False
Giuseppe Tornatore,['tt0095765'],False
Asghar Farhadi,['tt2404461'],False
Kevin Bray,['tt0351977'],False
Tomas Alfredson,['tt1340800'],False
Charles Burnett,['tt0100791'],False
Carl Schenkel,['tt0104627'],False
David S. Cass Sr.,['tt0399281'],False
Iain Softley,"['tt0272152', 'tt0113243']",False
John Schlesinger,['tt0064665'],False
Neal Israel,['tt0086927'],False
Michelangelo Antonioni,['tt0053619'],False
Jay Sandrich,['tt0081480'],False
Jerry Rees,['tt0102411'],False
Peter Webber,"['tt0335119', 'tt0367959']",False
Luis Mandoki,['tt0225071'],False
Chris Brinker,['tt2350892'],False
Stephen King,['tt0091499'],False
Scott Hicks,"['tt0252501', 'tt0120834']",False
Jay Duplass,['tt1336617'],False
 Mark Duplass,['tt1336617'],False
Thomas Vinterberg,['tt2935476'],False
Alex Garland,['tt0470752'],False
Alan Ball,['tt0787523'],False
Thomas Schlamme,['tt0108174'],False
Matthew Harrison,['tt0108200'],False
Steve Conrad,['tt0803057'],False
Larysa Kondracki,['tt0896872'],True
Nima Nourizadeh,['tt3316948'],False
Graham Baker,['tt0094631'],False
Ken Finkleman,['tt0083530'],False
John Cassavetes,['tt0080798'],False
Joon-ho Bong,['tt1706620'],False
Jim Sheridan,['tt0765010'],False
Rob Green,['tt0252963'],False
Catherine Hardwicke,"['tt1099212', 'tt1486185']",True
Ryûhei Kitamura,['tt1763264'],False
Sean S. Cunningham,['tt0080761'],False
Craig Gillespie,['tt1438176'],False
Walt Becker,['tt0486946'],False
Kelly Makin,['tt0116768'],False
John Krokidas,['tt1311071'],False
Carol Reed,['tt0041959'],False
David Zucker,['tt0102510'],False
 Warren Coleman,['tt0366548'],False
 Judy Morris,['tt0366548'],False
Herbert J. Biberman,['tt0047443'],False
Takashi Shimizu,['tt0391198'],False
Benjamin Stoloff,['tt0025905'],False
Lee Unkrich,['tt0435761'],False
Bonnie Hunt,['tt0122459'],False
Kevin Billington,['tt0066302'],False
Barry W. Blaustein,['tt0267891'],False
Robert De Niro,['tt0343737'],False
 Kevin Jarre,['tt0108358'],False
James Isaac,['tt0211443'],False
Adam Bonfanti,['tt0479942'],False
Massy Tadjedin,['tt1294688'],True
Paul McGuigan,"['tt0465580', 'tt0425210']",False
Andrew Jones,['tt2216212'],False
Shari Springer Berman,['tt0305206'],True
 Robert Pulcini,['tt0305206'],False
Christophe Gans,['tt0384537'],False
Michael Rymer,['tt0238546'],False
Eugenio Zanetti,['tt0239860'],False
Isabel Coixet,['tt3062976'],False
Steven Knight,['tt2692904'],False
Ira Sachs,['tt2639344'],False
Bill Forsyth,"['tt0106379', 'tt0085859']",False
Richard Marquand,['tt0086190'],False
Michael Cuesta,['tt0417385'],False
Gil Junger,['tt0147800'],False
 Kevin Lima,['tt0120855'],False
Fraser C. Heston,['tt0107665'],False
Toby Wilkins,['tt1031280'],False
Hugh Johnson,['tt0163579'],False
Raymond De Felitta,['tt1174730'],False
Henry Hathaway,['tt0040202'],False
Leon Ichaso,['tt0458522'],False
Bob Fosse,['tt0068327'],False
Ronny Yu,['tt0329101'],False
Martin Curland,['tt0421090'],False
Benh Zeitlin,['tt2125435'],False
Rodrigo García,['tt1121977'],False
Peter Farrelly,['tt0109686'],False
 Bobby Farrelly,['tt0109686'],False
Steve Kloves,['tt0097322'],False
Gideon Raff,['tt1015474'],False
Lulu Jarmen,['tt1034010'],False
Jeremy Haft,['tt0401815'],False
Eric Valette,['tt0479968'],False
Andrew Fleming,['tt0115963'],False
Danny Leiner,['tt0366551'],False
Bruce Malmuth,['tt0099739'],False
Mikael Salomon,['tt0120696'],False
Damian Harris,['tt0101694'],False
Ben Palmer,['tt3064298'],False
Steven Brill,['tt0185431'],False
Tom DiCillo,['tt0113677'],False
Richard Eyre,['tt0086122'],False
Roger Allers,['tt0110357'],False
 Rob Minkoff,['tt0110357'],False
Seth MacFarlane,['tt1637725'],False
Bruce Robinson,['tt0104549'],False
Nick Guthe,['tt0425253'],False
 Allan Dwan,['tt0022626'],False
 Roy William Neill,['tt0022626'],False
Benjamin Ross,['tt0120801'],False
Les Mayfield,['tt0244000'],False
 Chris Weitz,['tt0163651'],False
Peter Ramsey,['tt1446192'],False
Mary Harron,['tt0144084'],True
John Patrick Shanley,['tt0918927'],False
Ethan Maniquis,['tt0985694'],False
Gina Prince-Bythewood,['tt0199725'],True
Drew Goddard,['tt1259521'],False
Stephen Daldry,['tt0976051'],False
Kenny Ortega,['tt0104990'],False
Rupert Sanders,['tt1735898'],False
Dennie Gordon,['tt0363282'],True
 Ronnie Del Carmen,['tt2096673'],False
Maya Forbes,['tt1969062'],True
John Sturges,['tt0047849'],False
 Mike de Seve,['tt0115641'],False
 Brian Mulroney,['tt0115641'],False
 Yvette Kaplan,['tt0115641'],False
Michael J. Bassett,['tt0970452'],False
Bruce A. Evans,['tt0780571'],False
Kunihiko Yuyama,['tt0190641'],False
 Michael Haigney,['tt0190641'],False
Clyde Geronimi,['tt0053285'],False
Franck Khalfoun,['tt0804516'],False
Daniel Barber,['tt2488778'],False
Jonathan Kaplan,['tt0105699'],False
Chris Fisher,['tt1231277'],False
S. Craig Zahler,['tt2494362'],False
Rob Bowman,['tt0120902'],False
Lewis Teague,['tt0085382'],False
Robert Rossen,['tt0054997'],False
Allen Coulter,['tt1403981'],False
Sidney Lanfield,['tt0040835'],False
