Jeffrey Scott Richards,http://www.imdb.com/name/nm2399288/?ref_=ttfc_fc_cr18
Solomon Rothman,http://www.imdb.com/name/nm4191378/?ref_=ttfc_fc_cr3
Lulu Jarmen,http://www.imdb.com/name/nm4738893/?ref_=ttfc_fc_dr1
BJ McDonnell,http://www.imdb.com/name/nm1103496/?ref_=ttfc_fc_cr310
Kevin Goetz,http://www.imdb.com/name/nm0324521/?ref_=ttfc_fc_dr1
Robert Logevall,http://www.imdb.com/name/nm0517710/?ref_=ttfc_fc_dr1
Lucas Lowe,http://www.imdb.com/name/nm0523000/?ref_=ttfc_fc_dr1
Kris Pearn,http://www.imdb.com/name/nm2329165/?ref_=ttfc_fc_cr55
Bernard Murray Jr.,http://www.imdb.com/name/nm1662712/?ref_=ttfc_fc_cr6
Michael Haigney,http://www.imdb.com/name/nm0354126/?ref_=ttfc_fc_cr97
Charles Hage,http://www.imdb.com/name/nm2330442/?ref_=ttfc_fc_cr8
Scott P. Levy,http://www.imdb.com/name/nm0006805/?ref_=ttfc_fc_dr1
Max Nichols,http://www.imdb.com/name/nm0629658/?ref_=ttfc_fc_dr1
Eric Valette,http://www.imdb.com/name/nm0884659/?ref_=ttfc_fc_dr1
Oscar L. Costo,http://www.imdb.com/name/nm0182724/?ref_=ttfc_fc_dr1
Rick Bota,http://www.imdb.com/name/nm0098400/?ref_=ttfc_fc_cr123
Nihat Seven,http://www.imdb.com/name/nm3904789/?ref_=ttfc_fc_cr5
Jonathan Schroder,http://www.imdb.com/name/nm1074955/?ref_=ttfc_fc_cr9
Yvette Kaplan,http://www.imdb.com/name/nm0438394/?ref_=ttfc_fc_cr63
Antony Hoffman,http://www.imdb.com/name/nm0388817/?ref_=ttfc_fc_dr1
Hendel Butoy,http://www.imdb.com/name/nm0125186/?ref_=ttfc_fc_cr110
Brad Mirman,http://www.imdb.com/name/nm0592436/?ref_=ttfc_fc_cr8
Van Flesher,http://www.imdb.com/name/nm0281907/?ref_=ttfc_fc_dr1
Jeremy Haft,http://www.imdb.com/name/nm0353183/?ref_=ttfc_fc_dr1
Adam Salky,http://www.imdb.com/name/nm1270069/?ref_=ttfc_fc_dr1
Michael Goetz,http://www.imdb.com/name/nm0072849/?ref_=ttfc_fc_cr224
Neal Sundstrom,http://www.imdb.com/name/nm0839237/?ref_=ttfc_fc_dr1
Jonathan Kesselman,http://www.imdb.com/name/nm1165576/?ref_=ttfc_fc_wr1
Martin Curland,http://www.imdb.com/name/nm0192741/?ref_=ttfc_fc_cr5
Jay Lowi,http://www.imdb.com/name/nm0523239/?ref_=ttfc_fc_dr1
Oley Sassone,http://www.imdb.com/name/nm0766020/?ref_=ttfc_fc_cr261
Jeremiah Cullinane,http://www.imdb.com/name/nm0191584/?ref_=ttfc_fc_dr1
Florent-Emilio Siri,http://www.imdb.com/name/nm0802807/?ref_=ttfc_fc_dr1
James Gartner,http://www.imdb.com/name/nm1595280/?ref_=ttfc_fc_dr1
Zev Berman,http://www.imdb.com/name/nm0075864/?ref_=ttfc_fc_wr2
Nick Guthe,http://www.imdb.com/name/nm0349205/?ref_=ttfc_fc_wr1
Mike de Seve,http://www.imdb.com/name/nm0221133/?ref_=ttfc_fc_cr124
Adam Bonfanti,http://www.imdb.com/name/nm2043405/?ref_=ttfc_fc_cr2
Salim Akil,http://www.imdb.com/name/nm0015328/?ref_=ttfc_fc_cr2
Jonathan Winfrey,http://www.imdb.com/name/nm0934912/?ref_=ttfc_fc_dr1
Randall Rubin,http://www.imdb.com/name/nm1371900/?ref_=ttfc_fc_cr6
Jeff Arch,http://www.imdb.com/name/nm0033578/?ref_=ttfc_fc_cr2
Sebastian Niemann,http://www.imdb.com/name/nm0631093/?ref_=ttfc_fc_dr1
Brett Haley,http://www.imdb.com/name/nm1417640/?ref_=ttfc_fc_cr506
