Stanley Kubrick,"['tt0066921', 'tt0081505', 'tt0062622', 'tt0120663', 'tt0093058', 'tt0072684']",[]
Kimberly Peirce,['tt1939659'],[]
Walter Hill,"['tt0114938', 'tt0073092', 'tt0116830', 'tt0095963', 'tt0083511', 'tt0077474']",[]
Ethan Coen,"['tt0477348', 'tt0887883', 'tt1403865', 'tt1019452', 'tt0335245']",[]
 Joel Coen,"['tt0477348', 'tt0887883', 'tt1403865', 'tt1019452', 'tt0335245']",[]
Paul Lynch,['tt0081383'],[]
Ted Post,"['tt0070355', 'tt0065462']",[]
Stiles White,['tt1204977'],[]
Jonathan Levine,"['tt0490076', 'tt1306980']",[]
Graeme Clifford,"['tt0083967', 'tt0097438']",[]
Gregory Hoblit,"['tt0488120', 'tt0119099', 'tt0117381', 'tt0880578', 'tt0186151']",[]
Bennett Miller,"['tt1100089', 'tt0379725', 'tt1210166']",[]
Penny Marshall,"['tt0091306', 'tt0094737', 'tt0099077']",[]
Allison Anders,['tt0113101'],[]
 Alexandre Rockwell,['tt0113101'],[]
 Robert Rodriguez,"['tt0113101', 'tt0985694']",[]
 Quentin Tarantino,"['tt0113101', 'tt0462322']",[]
Steve Beck,"['tt0245674', 'tt0288477']",[]
Ridley Scott,"['tt0758774', 'tt0103594', 'tt0103074', 'tt0078748', 'tt0320661', 'tt0325805', 'tt0212985', 'tt0089469', 'tt0119173', 'tt0172495', 'tt1446714', 'tt0401445', 'tt0083658', 'tt0096933', 'tt0118158', 'tt2193215', 'tt0765429', 'tt1528100', 'tt0094008', 'tt0265086', 'tt3659388']",[]
Frank Capra,"['tt0031679', 'tt0033891', 'tt0027996', 'tt0038650', 'tt0029162', 'tt0022626']",[]
Olivier Megaton,"['tt1397280', 'tt1657507']",[]
Brett Ratner,"['tt0218967', 'tt0266915', 'tt0120812', 'tt0289765', 'tt0471042']",[]
John Hillcoat,"['tt1212450', 'tt0898367']",[]
Wes Anderson,"['tt0432283', 'tt0362270', 'tt0265666', 'tt2278388', 'tt1748122', 'tt0115734', 'tt0838221', 'tt0128445']",[]
Joel Coen,"['tt0116282', 'tt0093822', 'tt0118715', 'tt0110074', 'tt0138524', 'tt0086979', 'tt0101410']",[]
 Ethan Coen,"['tt0116282', 'tt0093822', 'tt0118715', 'tt0110074', 'tt0138524', 'tt0086979', 'tt0101410']",[]
Tim Story,['tt0120667'],[]
John Ford,"['tt0032551', 'tt0041866', 'tt0049730']",[]
David Caffrey,['tt0338075'],[]
Alfonso Cuarón,"['tt1454468', 'tt0206634', 'tt0304141']",[]
Gary Trousdale,"['tt0101414', 'tt0116583']",[]
 Kirk Wise,"['tt0101414', 'tt0116583']",[]
Matt Reeves,"['tt1228987', 'tt1060277']",[]
Max Nichols,['tt2140619'],[]
Marcus Nispel,"['tt0816462', 'tt0324216', 'tt0758746']",[]
Neil LaBute,"['tt0256276', 'tt0171580', 'tt1321509']",[]
Ronald Neame,['tt0069113'],[]
 Irwin Allen,['tt0069113'],[]
Richard Rush,"['tt0109456', 'tt0081568']",[]
Christopher Nolan,"['tt0482571', 'tt1345836', 'tt0372784', 'tt0209144', 'tt0816692', 'tt0278504', 'tt1375666', 'tt0468569']",[]
Edward Zwick,"['tt0758752', 'tt1596345', 'tt0325710', 'tt0133952', 'tt0097441', 'tt1034303', 'tt0450259', 'tt0115956']",[]
Gil Kenan,['tt0385880'],[]
Peter Hyams,"['tt0091875', 'tt0146675', 'tt0100224', 'tt0077294', 'tt0079268', 'tt0120004']",[]
James Cameron,"['tt0088247', 'tt0096754', 'tt0120338', 'tt0499549', 'tt0090605', 'tt0103064', 'tt0111503']",[]
Mick Garris,['tt0094919'],[]
McG,"['tt0438488', 'tt2172934', 'tt0160127']",[]
Jason Reitman,"['tt0467406', 'tt1967545', 'tt1193138', 'tt1625346']",[]
Danny Cannon,"['tt0113492', 'tt0130018']",[]
Oliver Stone,"['tt0102138', 'tt0146838', 'tt0094291', 'tt0091763', 'tt0469641', 'tt0101761', 'tt0096969', 'tt1175491', 'tt0120399', 'tt0113987', 'tt0110632']",[]
Kevin Smith,"['tt0118842', 'tt0120655', 'tt1385867', 'tt0109445', 'tt0113749', 'tt3099498', 'tt0261392']",[]
Pete Travis,"['tt0443274', 'tt1343727']",[]
Michael Walker,['tt0221069'],[]
Paul W.S. Anderson,"['tt0120804', 'tt1855325', 'tt1921064', 'tt0120157', 'tt0119081']",[]
M. Night Shyamalan,"['tt0368447', 'tt0167404', 'tt0286106', 'tt0217869']",[]
Quentin Tarantino,"['tt0105236', 'tt0378194', 'tt0361748', 'tt0110912', 'tt0119396', 'tt0359715', 'tt0266697']",[]
Hendel Butoy,['tt0100477'],[]
 Mike Gabriel,['tt0100477'],[]
Woody Allen,"['tt0497465', 'tt0075686', 'tt0107507', 'tt2334873', 'tt1605783', 'tt0118954', 'tt0109348', 'tt0091167', 'tt0416320']",[]
Roman Polanski,"['tt0071315', 'tt0142688', 'tt0253474']",[]
David O. Russell,"['tt1800241', 'tt2446980', 'tt0964517', 'tt0120188']",[]
Sam Mendes,"['tt0959337', 'tt0169547', 'tt1176740']",[]
Cameron Crowe,"['tt0368709', 'tt0181875', 'tt0259711', 'tt0098258', 'tt0116695']",[]
Tim Burton,"['tt0109707', 'tt0162661', 'tt1014759', 'tt0094721', 'tt0319061', 'tt1126590', 'tt0099487', 'tt0116996', 'tt1142977', 'tt0408236', 'tt0096895', 'tt0103776']",[]
Peter Weir,"['tt0311113', 'tt1023114', 'tt0091557', 'tt0090329', 'tt0097165', 'tt0120382']",[]
Paul Thomas Anderson,"['tt1560747', 'tt0469494', 'tt0272338', 'tt0175880', 'tt0118749', 'tt1791528']",[]
Robert Altman,"['tt0075612', 'tt0070334', 'tt0066026', 'tt0280707', 'tt0073440']",[]
Kenneth Branagh,"['tt0800369', 'tt0101669', 'tt0109836']",[]
Nicole Holofcener,"['tt0878835', 'tt2390361']",[]
Lee Tamahori,"['tt0435705', 'tt0119051']",[]
Dan Gilroy,['tt2872718'],[]
Barbet Schroeder,"['tt0105414', 'tt0113552']",[]
Wes Craven,"['tt0087800', 'tt0120082', 'tt0111686', 'tt0257516', 'tt0134084', 'tt0166943', 'tt0117571', 'tt0077681']",[]
John McTiernan,"['tt0264395', 'tt0093773', 'tt0095016', 'tt0112864', 'tt0099810', 'tt0107362']",[]
Simon West,"['tt0144214', 'tt2231253', 'tt0472399', 'tt1764651', 'tt1656186']",[]
Stephen Sommers,"['tt0120616', 'tt0118956', 'tt1046173']",[]
David Cronenberg,"['tt0120907', 'tt0102511', 'tt0094964', 'tt0765443', 'tt0076590', 'tt2172584', 'tt0073705', 'tt0081455', 'tt1480656', 'tt0399146']",[]
Steven Spielberg,"['tt0067023', 'tt0107290', 'tt0264464', 'tt1568911', 'tt0367882', 'tt0983193', 'tt0212720', 'tt3682448', 'tt0102057', 'tt0120815', 'tt0087469', 'tt0082971', 'tt0407304', 'tt0443272', 'tt0097576', 'tt0408306', 'tt0108052', 'tt0119567', 'tt0073195', 'tt0181689']",[]
Dean Parisot,"['tt0369441', 'tt0177789']",[]
David Gordon Green,"['tt0453548', 'tt0910936', 'tt0360130']",[]
P.J. Hogan,['tt0119738'],[]
Howard Zieff,"['tt0102492', 'tt0110613', 'tt0081375']",[]
Rob Cohen,"['tt0232500', 'tt0295701', 'tt3181822', 'tt0859163']",[]
Daniel Myrick,['tt0185937'],[]
 Eduardo Sánchez,['tt0185937'],[]
Wolfgang Reitherman,['tt0061852'],[]
Guy Ritchie,"['tt1032755', 'tt0988045', 'tt0208092']",[]
John G. Avildsen,"['tt0075148', 'tt0105159', 'tt0087538', 'tt0100507']",[]
John Frankenheimer,"['tt0122690', 'tt0116654', 'tt0073018', 'tt0184858']",[]
Carlo Carlei,['tt1645131'],[]
Jim Sharman,['tt0073629'],[]
Kevin Reynolds,"['tt0102798', 'tt0118531', 'tt0375154', 'tt0114898']",[]
Michael Bay,"['tt0117500', 'tt0213149', 'tt0399201', 'tt0120591', 'tt1980209', 'tt0112442']",[]
Ang Lee,"['tt0388795', 'tt0454876', 'tt0114388', 'tt0119349', 'tt0286716']",[]
Richard Linklater,"['tt0112471', 'tt0106677', 'tt2209418', 'tt1065073', 'tt0120238', 'tt0381681', 'tt0405296', 'tt0332379']",[]
Noah Baumbach,"['tt0113537', 'tt2872462', 'tt1791682', 'tt0757361', 'tt1234654', 'tt0367089']",[]
Ron Clements,"['tt0103639', 'tt0097757', 'tt0119282']",[]
 John Musker,"['tt0103639', 'tt0097757', 'tt0119282']",[]
Trey Parker,"['tt0158983', 'tt0372588']",[]
David Lynch,"['tt0087182', 'tt0116922', 'tt0080678', 'tt0090756', 'tt0166924', 'tt0105665', 'tt0100935']",[]
John Michael McDonagh,"['tt2234003', 'tt1540133']",[]
Anton Corbijn,"['tt1972571', 'tt1440728']",[]
George Lucas,"['tt0120915', 'tt0066434', 'tt0069704', 'tt0121766', 'tt0076759', 'tt0121765']",[]
Jeremiah S. Chechik,"['tt0097958', 'tt0106387', 'tt0116095']",[]
Rick Famuyiwa,['tt3850214'],[]
Sidney Lumet,"['tt0070666', 'tt0084855', 'tt0072890', 'tt0074958']",[]
David Fincher,"['tt1568346', 'tt2267998', 'tt0119174', 'tt0103644', 'tt0258000', 'tt0114369', 'tt0137523', 'tt1285016', 'tt0421715', 'tt0443706']",[]
Steven Zaillian,"['tt0108065', 'tt0120633']",[]
Michael Powell,['tt0054167'],[]
Robert Benton,"['tt0308383', 'tt0079417']",[]
Joe Dante,"['tt0082533', 'tt0318155', 'tt0093260', 'tt0099700', 'tt0087363']",[]
John Dahl,"['tt0105226', 'tt0128442', 'tt0206314']",[]
Michael Mann,"['tt0369339', 'tt0085780', 'tt0104691', 'tt0091474', 'tt0140352', 'tt1152836', 'tt0083190', 'tt0430357', 'tt0248667', 'tt0113277']",[]
John Carpenter,"['tt0088172', 'tt0104850', 'tt0085333', 'tt0082340', 'tt0113409', 'tt1369706', 'tt0069945', 'tt0116225', 'tt0093777', 'tt0096256', 'tt0077651', 'tt0114852']",[]
George Roy Hill,['tt0070735'],[]
David Koepp,"['tt0164181', 'tt3045616', 'tt0995039']",[]
Ken Shapiro,['tt0082763'],[]
Joshua Marston,['tt0390221'],[]
Joel Zwick,['tt0259446'],[]
Lucas Lowe,['tt0101327'],[]
Anthony Waller,"['tt0118604', 'tt0110604']",[]
Robert Florey,['tt0019777'],[]
 Joseph Santley,['tt0019777'],[]
Michael Apted,"['tt0080549', 'tt0143145', 'tt0278435', 'tt0105585']",[]
John Wells,"['tt1172991', 'tt1322269']",[]
Ellie Kanner,"['tt0416658', 'tt2114461']",[]
Richard Donner,"['tt0118883', 'tt0110478', 'tt0112401', 'tt0122151', 'tt0093409']",[]
J. Lee Thompson,['tt0068408'],[]
Daniel Espinosa,['tt1599348'],[]
Tony Scott,"['tt0266987', 'tt0112740', 'tt0328107', 'tt0120660', 'tt0421054', 'tt0108399', 'tt0477080', 'tt0100485', 'tt0102266', 'tt0099371', 'tt0453467', 'tt0092099']",[]
Luis Valdez,['tt0093378'],[]
Merian C. Cooper,['tt0024216'],[]
 Ernest B. Schoedsack,['tt0024216'],[]
Taylor Hackford,"['tt0084434', 'tt0109642', 'tt0118971']",[]
Joe Carnahan,"['tt1601913', 'tt0475394', 'tt0429493']",[]
Robert Rodriguez,"['tt0462322', 'tt0133751', 'tt0104815', 'tt0116367']",[]
 Eli Roth,"['tt0462322', 'tt0361748']",[]
 Edgar Wright,['tt0462322'],[]
 Rob Zombie,['tt0462322'],[]
Renny Harlin,"['tt0204313', 'tt0098987', 'tt0116908', 'tt0106582', 'tt0099423', 'tt0095742']",[]
Sam Taylor-Johnson,['tt1266029'],[]
Robert Zemeckis,"['tt1907668', 'tt0088763', 'tt0161081', 'tt0104070', 'tt0118884', 'tt0109830', 'tt0162222', 'tt0442933', 'tt0096438', 'tt0096874', 'tt0099088']",[]
Michael Roemer,['tt0058414'],[]
Lesli Linka Glatter,['tt0114011'],[]
Fernando Meirelles,['tt0317248'],[]
 Kátia Lund,['tt0317248'],[]
Fritz Kiersch,['tt0087050'],[]
Antonia Bird,['tt0129332'],[]
Darren Aronofsky,"['tt1125849', 'tt0138704', 'tt1959490', 'tt0947798', 'tt0180093']",[]
Nicole Kassell,['tt0361127'],[]
Curtis Hanson,"['tt0185014', 'tt0388125', 'tt0119488', 'tt0104389']",[]
Ava DuVernay,"['tt1211890', 'tt1020072']",[]
Brian Helgeland,"['tt0120784', 'tt3569230', 'tt0453562']",[]
Ron Underwood,"['tt0120751', 'tt0100814']",[]
Bryan Spicer,['tt0113820'],[]
Danny Boyle,"['tt0117951', 'tt0289043', 'tt2080374', 'tt0111149', 'tt1010048', 'tt1542344', 'tt0163978']",[]
Josh Boone,['tt2582846'],[]
Terry Gilliam,"['tt0120669', 'tt1054606', 'tt0088846', 'tt0114746', 'tt0101889', 'tt2333804']",[]
Carl Reiner,"['tt0106873', 'tt0079367']",[]
Stephen Frears,"['tt0099703', 'tt0104412', 'tt0146882', 'tt2431286', 'tt0436697', 'tt1486190']",[]
Roger Christian,['tt0185183'],[]
Lee Daniels,"['tt1327773', 'tt0929632']",[]
Grant Heslov,['tt1234548'],[]
Preston Sturges,['tt0034240'],[]
Etan Cohen,['tt2561572'],[]
James Foley,"['tt0310910', 'tt0104348', 'tt0142192']",[]
Wayne Kramer,['tt0318374'],[]
Jon Amiel,"['tt0112722', 'tt0137494', 'tt0974014']",[]
Phillip Noyce,"['tt0109444', 'tt0944835', 'tt0120053']",[]
Phil Lord,"['tt0844471', 'tt2294449', 'tt1490017']",[]
 Christopher Miller,"['tt0844471', 'tt2294449', 'tt1490017']",[]
Kyle Balda,['tt2293640'],[]
 Pierre Coffin,['tt2293640'],[]
Joel Schumacher,"['tt0183649', 'tt0112462', 'tt0118688', 'tt0481369', 'tt0093437', 'tt0134273', 'tt0090060', 'tt0109446']",[]
Bobby Farrelly,"['tt0129387', 'tt0383010', 'tt2096672', 'tt0480687']",[]
 Peter Farrelly,"['tt0129387', 'tt0383010', 'tt2096672', 'tt0480687']",[]
Tony Bill,['tt0081207'],[]
Sam Peckinpah,"['tt0070518', 'tt0068638', 'tt0065214']",[]
Martin Scorsese,"['tt0338751', 'tt0112641', 'tt0099685', 'tt0070379', 'tt0095497', 'tt0407887', 'tt0163988', 'tt0119485', 'tt0085794', 'tt0993846', 'tt0101540', 'tt0217505', 'tt0081398', 'tt0075314']",[]
Ti West,['tt0961722'],[]
Peter Sollett,"['tt0981227', 'tt0240507']",[]
Jon Poll,['tt0423977'],[]
Larry Clark,['tt0113540'],[]
Dominic Sena,"['tt0107302', 'tt0187078', 'tt0244244', 'tt0479997', 'tt0365929']",[]
Phil Traill,['tt0881891'],[]
John Irvin,['tt0082449'],[]
Scott Derrickson,"['tt2377322', 'tt1922777']",[]
Christian E. Christiansen,['tt1265990'],[]
Byron Haskin,['tt0046534'],[]
Brian De Palma,"['tt0106519', 'tt0074991', 'tt0387877', 'tt0086250', 'tt0120832', 'tt0097027', 'tt0099165', 'tt0117060', 'tt0183523']",[]
Mira Nair,['tt1129445'],[]
Christian Alvart,"['tt0795351', 'tt1188729']",[]
Rupert Wainwright,['tt0432291'],[]
Nora Ephron,"['tt0108160', 'tt0128853']",[]
Fred Schepisi,['tt0108149'],[]
Mike Leigh,"['tt2473794', 'tt1431181']",[]
Anna Boden,"['tt2349144', 'tt0990413', 'tt0804497']",[]
 Ryan Fleck,"['tt2349144', 'tt0990413', 'tt0804497']",[]
Alfonso Gomez-Rejon,"['tt2582496', 'tt2561546']",[]
J.J. Abrams,"['tt0796366', 'tt1650062', 'tt2488496']",[]
Julian Schnabel,"['tt0115632', 'tt0401383']",[]
Lana Wachowski,"['tt0234215', 'tt0133093', 'tt0115736', 'tt0811080']",[]
 Lilly Wachowski,"['tt0234215', 'tt0133093', 'tt1371111', 'tt0115736', 'tt0811080']",[]
Chuck Russell,"['tt0110475', 'tt0094761', 'tt0093629']",[]
John Moore,['tt0467197'],[]
Jake Kasdan,"['tt0120906', 'tt1284575']",[]
Mel Smith,['tt0118689'],[]
Spike Lee,"['tt0454848', 'tt0104797', 'tt0307901', 'tt0097216', 'tt0215545']",[]
Barry Sonnenfeld,"['tt0119654', 'tt0101272', 'tt1409024', 'tt0113161', 'tt0120891']",[]
Joe Lynch,['tt1945084'],[]
Michaël R. Roskam,['tt1600196'],[]
Haifaa Al-Mansour,['tt2258858'],[]
Jay Roach,"['tt3203606', 'tt0118655', 'tt0145660', 'tt0427152']",[]
James Vanderbilt,['tt3859076'],[]
James Marsh,['tt2980516'],[]
Clint Eastwood,"['tt0118548', 'tt0075029', 'tt1205489', 'tt0139668', 'tt1212419', 'tt0824747', 'tt0107808', 'tt0405159', 'tt0418689', 'tt0186566', 'tt1057500', 'tt2179136', 'tt0498380', 'tt0309377', 'tt0327056', 'tt0067588', 'tt0112579', 'tt0105695']",[]
Christian Duguay,['tt0118647'],[]
Marco Brambilla,['tt0106697'],[]
Dave Meyers,['tt0455960'],[]
Robert Clouse,['tt0070034'],[]
Kathryn Bigelow,"['tt0887912', 'tt0114558', 'tt0102685', 'tt0093605', 'tt1790885']",[]
David Mamet,"['tt0093223', 'tt0252503', 'tt0360009', 'tt1012804', 'tt0120202']",[]
Seth Gordon,"['tt2024432', 'tt1499658']",[]
Guillermo del Toro,"['tt0167190', 'tt0411477', 'tt0457430', 'tt1663662', 'tt0187738', 'tt0119675']",[]
Kevin Munroe,['tt0453556'],[]
Louis Leterrier,"['tt1670345', 'tt0800080', 'tt0800320']",[]
Alexander Mackendrick,['tt0051036'],[]
Robert Logevall,['tt0847214'],[]
Lasse Hallström,"['tt0120824', 'tt0124315', 'tt2980648', 'tt0241303']",[]
John Flynn,['tt0076637'],[]
Robert Luketic,"['tt0250494', 'tt0478087', 'tt1142988']",[]
Francis Ford Coppola,"['tt0071562', 'tt0091738', 'tt0086066', 'tt0078788', 'tt0103874', 'tt0068646']",[]
Mark Helfrich,['tt0452625'],[]
Peter Howitt,"['tt2304953', 'tt0218817']",[]
Antoine Fuqua,"['tt0139654', 'tt1798684', 'tt0455944', 'tt1210042']",[]
Jodie Foster,"['tt0102316', 'tt1321860']",[]
Norman Jewison,"['tt0110737', 'tt0059037', 'tt0093565', 'tt0088683']",[]
Peyton Reed,['tt1068680'],[]
Harold Ramis,"['tt1045778', 'tt0080487', 'tt0107048', 'tt0289848', 'tt0122933']",[]
Bryan Singer,"['tt0120903', 'tt0290334', 'tt0118636', 'tt0985699', 'tt0114814']",[]
Euzhan Palcy,['tt0097243'],[]
Barbra Streisand,['tt0117057'],[]
Will Gluck,"['tt1282140', 'tt1632708']",[]
Ron Howard,"['tt0131369', 'tt0117438', 'tt1979320', 'tt0101393', 'tt0268978', 'tt0096446', 'tt0870111', 'tt0808151']",[]
Miguel Arteta,"['tt0279113', 'tt1477837', 'tt0403702']",[]
Gus Van Sant,"['tt0119217', 'tt1013753', 'tt2091473', 'tt0097240', 'tt0089537', 'tt0102494', 'tt0106834']",[]
Ruben Fleischer,"['tt1321870', 'tt1622547']",[]
Rachel Talalay,['tt0101917'],[]
Philip Kaufman,['tt0180073'],[]
Francis Lawrence,"['tt1067583', 'tt0360486', 'tt0480249']",[]
Gary Winick,['tt0892318'],[]
Gavin O'Connor,['tt1291584'],[]
Jacques Tourneur,"['tt0036104', 'tt0036027']",[]
Steven Soderbergh,"['tt1130080', 'tt0349903', 'tt0240772', 'tt0307479', 'tt0195685', 'tt0165854', 'tt0120780', 'tt0102181', 'tt0181865']",[]
Scott Spiegel,['tt0120860'],[]
Rob Schmidt,['tt0295700'],[]
Clive Barker,"['tt0093177', 'tt0113690']",[]
Jonathan Kesselman,['tt0317640'],[]
Paul Mazursky,"['tt0090966', 'tt0087747', 'tt0078444']",[]
Joel Hopkins,['tt1046947'],[]
George A. Romero,"['tt0418819', 'tt0106664', 'tt0088993', 'tt0083767']",[]
Alan Parker,"['tt0099291', 'tt0077928', 'tt0289992', 'tt0084675']",[]
Tom Hanks,['tt1583420'],[]
Jonathan Lynn,"['tt0088930', 'tt0104114', 'tt0104952']",[]
Judd Apatow,"['tt1758830', 'tt0478311', 'tt0405422', 'tt1201167']",[]
John Curran,['tt1423995'],[]
Marc Forster,"['tt0371257', 'tt0420223', 'tt0285742', 'tt0816711', 'tt1586752']",[]
Luc Besson,"['tt0095250', 'tt0110413', 'tt0119116', 'tt2404311', 'tt2872732']",[]
Monte Hellman,['tt0067893'],[]
John Madden,"['tt1412386', 'tt0138097', 'tt0119280', 'tt1226753']",[]
David Yates,['tt0417741'],[]
Don Bluth,['tt0118617'],[]
 Gary Goldman,['tt0118617'],[]
Uwe Boll,['tt0369226'],[]
Tarsem Singh,"['tt0209958', 'tt2140379']",[]
Lee Toland Krieger,['tt1405365'],[]
John Waters,"['tt0173716', 'tt0111127']",[]
Roland Joffé,['tt0103976'],[]
Orson Welles,"['tt0033467', 'tt0040525', 'tt0052311']",[]
Nicholas Stoller,"['tt0800039', 'tt1226229']",[]
Sarah Gavron,['tt3077214'],[]
Eran Creevy,['tt1104126'],[]
Theodore Melfi,['tt2170593'],[]
Harmony Korine,['tt2101441'],[]
James Kent,['tt1441953'],[]
Raja Gosnell,"['tt0267913', 'tt0151738', 'tt2017020', 'tt0472181']",[]
James Gunn,"['tt1512235', 'tt0439815']",[]
Richard Kelly,"['tt0405336', 'tt0362478', 'tt0246578']",[]
John Carney,['tt1980929'],[]
Thomas Carter,"['tt0119664', 'tt0206275']",[]
Simon Curtis,"['tt2404425', 'tt1655420']",[]
Damián Szifrón,['tt3011894'],[]
Paolo Sorrentino,['tt3312830'],[]
Rich Moore,['tt1772341'],[]
John Badham,"['tt0113972', 'tt0107843', 'tt0099141']",[]
Tom Shadyac,"['tt0109040', 'tt0315327', 'tt0119528']",[]
Boris Sagal,['tt0067525'],[]
George Nolfi,['tt1385826'],[]
Paul Schrader,"['tt0118564', 'tt0093415', 'tt0080365', 'tt0102307', 'tt0079271']",[]
Steve Carr,['tt0195945'],[]
Paul Haggis,"['tt1458175', 'tt0478134', 'tt0375679']",[]
Yorgos Lanthimos,['tt3464902'],[]
Michael Goldenberg,['tt0115644'],[]
Sylvain White,['tt0480255'],[]
James Whale,['tt0021884'],[]
Mike Judge,"['tt0151804', 'tt0387808', 'tt1225822', 'tt0115641']",[]
Wally Pfister,['tt2209764'],[]
David Ayer,"['tt0421073', 'tt1742334', 'tt1855199', 'tt2713180']",[]
Steven Lisberger,['tt0084827'],[]
D.J. Caruso,"['tt0364045', 'tt1464540', 'tt0486822', 'tt1059786', 'tt0417217', 'tt0235737']",[]
Jean-Pierre Jeunet,"['tt0118583', 'tt0211915']",[]
Joan Tewkesbury,['tt0079660'],[]
Todd Solondz,['tt0250081'],[]
Harold Becker,"['tt0107497', 'tt0098273', 'tt0115907']",[]
Paul Verhoeven,"['tt0100802', 'tt0114436', 'tt0164052', 'tt0103772', 'tt0120201']",[]
Paul Brickman,['tt0086200'],[]
Jaume Collet-Serra,"['tt2199571', 'tt1148204', 'tt0397065']",[]
Jack Sholder,['tt0089686'],[]
Elia Kazan,['tt0047296'],[]
Mark Rydell,['tt0082846'],[]
David Gelb,['tt2918436'],[]
Sam Raimi,"['tt1127180', 'tt0120324', 'tt0106308', 'tt0316654']",[]
Patrick Lussier,"['tt1502404', 'tt1179891', 'tt0219653']",[]
Rob Marshall,"['tt0397535', 'tt0875034', 'tt2180411']",[]
Michael Caton-Jones,"['tt0100133', 'tt0108330']",[]
Jonathan Demme,"['tt0081150', 'tt0120603', 'tt0368008', 'tt0091983', 'tt0102926', 'tt0107818', 'tt1084950']",[]
Mark Waters,['tt0377092'],[]
Ellory Elkayem,['tt0271367'],[]
Alexander Payne,"['tt0126886', 'tt0375063', 'tt1033575', 'tt1821549']",[]
Damien Chazelle,['tt2582802'],[]
Ritesh Batra,['tt2350496'],[]
Edmund Goulding,['tt0022958'],[]
Mike Nichols,"['tt0061722', 'tt0096463', 'tt0065528']",[]
Cary Joji Fukunaga,"['tt1127715', 'tt1365050', 'tt1229822']",[]
Peter MacDonald,['tt0126388'],[]
Peter Jackson,"['tt0110005', 'tt0360717', 'tt0120737', 'tt0167260', 'tt0167261', 'tt0116365']",[]
Herbert Ross,"['tt0112571', 'tt0075194', 'tt0076095', 'tt0100212']",[]
Steve Miner,"['tt0139414', 'tt0120694', 'tt0083972']",[]
Colin Strause,['tt0758730'],[]
 Greg Strause,['tt0758730'],[]
Todd Phillips,"['tt0302886', 'tt1119646']",[]
Stephen Hopkins,"['tt0100403', 'tt0116409', 'tt0120738', 'tt0097981']",[]
Nimród Antal,"['tt1424381', 'tt0913354', 'tt0452702']",[]
Henry Bean,['tt0247199'],[]
Hal Ashby,"['tt0078841', 'tt0073692', 'tt0067185']",[]
Betty Thomas,['tt0191754'],[]
Kenneth Lonergan,"['tt0466893', 'tt0203230']",[]
James Mangold,"['tt0381849', 'tt1013743', 'tt0035423', 'tt1430132', 'tt0309698']",[]
Jack Clayton,['tt0086336'],[]
Clare Kilner,['tt0372532'],[]
Billy Wilder,"['tt0053291', 'tt0037884', 'tt0043014', 'tt0036775', 'tt0051201', 'tt0046359', 'tt0053604', 'tt0066249']",[]
John Glen,"['tt0086034', 'tt0082398']",[]
Jeannot Szwarc,"['tt0081534', 'tt0088206', 'tt0077766']",[]
Eli Craig,['tt1465522'],[]
Van Flesher,['tt0307879'],[]
Eric Bress,['tt0289879'],[]
 J. Mackye Gruber,['tt0289879'],[]
Burr Steers,['tt0974661'],[]
Rodrigo Cortés,"['tt1462758', 'tt1748179']",[]
Ron Shelton,"['tt0094812', 'tt0109450', 'tt0117918']",[]
Jacques Audiard,['tt2053425'],[]
Steve Antin,['tt1126591'],[]
Andrew Davis,"['tt0088936', 'tt0233469', 'tt0311289', 'tt0115857', 'tt0094602', 'tt0106977']",[]
George Clooney,"['tt0270288', 'tt1124035']",[]
Sean Durkin,['tt1441326'],[]
J.C. Chandor,"['tt1615147', 'tt2937898']",[]
David Frankel,"['tt0822832', 'tt1196956', 'tt0458352']",[]
Andrew Adamson,"['tt0126029', 'tt0298148']",[]
 Vicky Jenson,['tt0126029'],[]
Lenny Abrahamson,['tt3170832'],[]
John Maclean,['tt3205376'],[]
Geoffrey Wright,"['tt0175526', 'tt0434541']",[]
Steve Gordon,['tt0082031'],[]
James L. Brooks,"['tt0119822', 'tt0092699', 'tt1341188', 'tt0110097', 'tt0086425', 'tt0371246']",[]
Edwin L. Marin,['tt0037343'],[]
Nigel Cole,['tt1371155'],[]
Bob Rafelson,"['tt0104804', 'tt0115710', 'tt0065724']",[]
Luis Buñuel,['tt0055601'],[]
Neil Burger,"['tt0443543', 'tt1219289']",[]
John Whitesell,['tt0328099'],[]
Gary Ross,"['tt1392170', 'tt0120789']",[]
Steve Shill,['tt1198138'],[]
Jody Hill,['tt1197628'],[]
Joseph Kosinski,['tt1483013'],[]
Roger Michell,"['tt0125439', 'tt1477855']",[]
Rob Zombie,"['tt0251736', 'tt0395584', 'tt0373883']",[]
Terry George,['tt0395169'],[]
Howard Hawks,"['tt0032599', 'tt0061619']",[]
Florent-Emilio Siri,['tt0340163'],[]
Arthur Hiller,"['tt0067217', 'tt0075223']",[]
Hal Hartley,['tt0122529'],[]
Jan de Bont,"['tt0117998', 'tt0171363']",[]
Richard Fleischer,"['tt0060397', 'tt0073349']",[]
Todd Haynes,"['tt0297884', 'tt2402927']",[]
Oley Sassone,['tt0109770'],[]
Alan Rudolph,"['tt0087054', 'tt0120618']",[]
Ken Scott,['tt2387559'],[]
John Hughes,"['tt0090305', 'tt0091042', 'tt0088847', 'tt0101635', 'tt0088128', 'tt0098554']",[]
Mark Pellington,"['tt1029120', 'tt0137363', 'tt0265349', 'tt1691920']",[]
Spike Jonze,"['tt1798709', 'tt0268126', 'tt0120601', 'tt0386117']",[]
Jeff Bleckner,['tt1097649'],[]
Greg Mottola,"['tt1091722', 'tt1092026', 'tt0829482']",[]
Leo McCarey,"['tt0050105', 'tt0023969']",[]
Roger Donaldson,"['tt2402157', 'tt0292506', 'tt0146309']",[]
Gonzalo López-Gallego,['tt1772240'],[]
Adam Shankman,"['tt1336608', 'tt0395699', 'tt0281358']",[]
Julia Leigh,['tt1588398'],[]
Pierre Morel,"['tt2515034', 'tt0936501']",[]
Marc Buckland,['tt0353092'],[]
Alan J. Pakula,"['tt0107798', 'tt0067309', 'tt0071970', 'tt0074119']",[]
Richard Dutcher,['tt0892051'],[]
Adam Green,"['tt1270835', 'tt0422401']",[]
Tony Gilroy,['tt0465538'],[]
Chris Columbus,"['tt0241527', 'tt0120686', 'tt2120120', 'tt0099785', 'tt0294870', 'tt0295297']",[]
Anthony Minghella,"['tt0116209', 'tt0134119', 'tt0159365']",[]
Rod Lurie,"['tt0272020', 'tt0999913']",[]
Wes Ball,['tt1790864'],[]
Jon Favreau,"['tt2883512', 'tt0227005', 'tt0319343', 'tt0409847']",[]
Mike Hodges,"['tt0159382', 'tt0080745']",[]
Alex Proyas,"['tt0109506', 'tt0118929']",[]
Bharat Nalluri,['tt0132910'],[]
Tate Taylor,"['tt1454029', 'tt2473602']",[]
Malcolm Venville,['tt1220888'],[]
Spencer Susser,['tt1403177'],[]
Hector Babenco,['tt0089424'],[]
Mark Osborne,['tt0441773'],[]
 John Stevenson,['tt0441773'],[]
Terrence Malick,"['tt0120863', 'tt0478304', 'tt0077405', 'tt0069762']",[]
Christopher Morris,['tt1341167'],[]
Richard Lester,"['tt0081573', 'tt0086393', 'tt0063426']",[]
 Richard Donner,['tt0081573'],[]
Andrew Niccol,"['tt0258153', 'tt1637688', 'tt0119177', 'tt0399295']",[]
Sidney J. Furie,['tt0094074'],[]
Jez Butterworth,['tt0188453'],[]
Craig Brewer,['tt0462200'],[]
Mark Neveldine,"['tt1034032', 'tt0479884']",[]
 Brian Taylor,"['tt1034032', 'tt0479884']",[]
Ivan Reitman,"['tt0097428', 'tt1411238', 'tt0087332', 'tt0106673', 'tt0096320']",[]
Adam Rifkin,['tt0165710'],[]
Carl Franklin,['tt0112857'],[]
Amma Asante,['tt2404181'],[]
Alejandro G. Iñárritu,"['tt2562232', 'tt0449467', 'tt1663202']",[]
John Crowley,['tt2381111'],[]
John Lasseter,"['tt1216475', 'tt0114709']",[]
 Brad Lewis,['tt1216475'],[]
Nihat Seven,['tt2387411'],[]
James Gartner,['tt0385726'],[]
Garry Marshall,"['tt0163187', 'tt0094715', 'tt0817230', 'tt0100405']",[]
Carter Smith,['tt0963794'],[]
Nicholas Meyer,"['tt0084726', 'tt0102975', 'tt0080025']",[]
Andrzej Bartkowiak,"['tt0306685', 'tt0891592', 'tt0419706']",[]
Victor Fleming,"['tt0032138', 'tt0033553']",[]
 George Cukor,['tt0032138'],[]
 Mervyn LeRoy,['tt0032138'],[]
 Norman Taurog,['tt0032138'],[]
 King Vidor,['tt0032138'],[]
Dan Scanlon,['tt1453405'],[]
Robert Harmon,['tt0107711'],[]
László Nemes,['tt3808342'],[]
Adam McKay,"['tt1596363', 'tt0415306', 'tt0357413', 'tt1386588']",[]
Gavin Hood,['tt0458525'],[]
Ken Kwapis,"['tt0376874', 'tt1001508']",[]
Nicholas Hytner,['tt3722070'],[]
Michael Patrick King,['tt1000774'],[]
Irwin Winkler,"['tt0132512', 'tt0264796']",[]
David R. Ellis,"['tt0337921', 'tt1633356', 'tt0309593']",[]
Mel Brooks,"['tt0072431', 'tt0071230', 'tt0094012']",[]
Pitof,['tt0327554'],[]
Jane Campion,"['tt0107822', 'tt0810784']",[]
Randall Wallace,"['tt0120744', 'tt1929263', 'tt1028576']",[]
Andy Tennant,"['tt0386588', 'tt1038919']",[]
Jim Gillespie,['tt0119345'],[]
John August,['tt0810988'],[]
Ernst Lubitsch,"['tt0031725', 'tt0023622']",[]
James McTeigue,"['tt1186367', 'tt0434409']",[]
Rian Johnson,"['tt1276104', 'tt0393109', 'tt0844286']",[]
Douglas Aarniokoski,['tt0144964'],[]
Anthony Hickox,['tt0104409'],[]
John Herzfeld,['tt0179626'],[]
Joe Johnston,"['tt0458339', 'tt0102803', 'tt0163025', 'tt0780653']",[]
Mary Lambert,"['tt0105128', 'tt0098084']",[]
Roger Avary,"['tt0110265', 'tt0292644']",[]
Guy Hamilton,"['tt0083908', 'tt0070328']",[]
Sylvester Stallone,"['tt1320253', 'tt0079817', 'tt0084602', 'tt0479143']",[]
William Friedkin,"['tt0070047', 'tt1726669', 'tt0067116']",[]
Mikael Håfström,['tt0450385'],[]
Brian Levant,['tt0109813'],[]
Michael Lehmann,"['tt0097493', 'tt0102070']",[]
Beth Schacter,['tt0790721'],[]
James Cullen Bressack,"['tt2257436', 'tt1909807']",[]
Mark L. Lester,['tt0087262'],[]
Martin Brest,['tt0119643'],[]
Kevin Goetz,['tt1663655'],[]
 Michael Goetz,['tt1663655'],[]
Frank Darabont,"['tt0268995', 'tt0111161', 'tt0884328', 'tt0120689']",[]
Mark L. Smith,['tt0814343'],[]
Sarah Polley,"['tt0491747', 'tt1592281']",[]
Joe Wright,"['tt0783233', 'tt3332064', 'tt0414387', 'tt1781769', 'tt0993842']",[]
Alex Kurtzman,['tt1716777'],[]
Neill Blomkamp,['tt1535108'],[]
Jake Schreier,['tt3622592'],[]
Steve Hickner,['tt0389790'],[]
 Simon J. Smith,['tt0389790'],[]
Mario Van Peebles,['tt0114084'],[]
Richard Benjamin,"['tt0087062', 'tt0117104']",[]
Oscar L. Costo,['tt0338963'],[]
Tony Kaye,['tt0120586'],[]
Jonathan Mostow,"['tt0118771', 'tt0986263']",[]
 Kelly Asbury,['tt0298148'],[]
 Conrad Vernon,['tt0298148'],[]
Brad Mirman,['tt0310924'],[]
Kurt Wimmer,['tt0238380'],[]
Terry Jones,['tt0097289'],[]
Sergio Leone,['tt0087843'],[]
John Milius,"['tt0073906', 'tt0097334']",[]
Jeff Nichols,"['tt1675192', 'tt1935179']",[]
Nicolas Winding Refn,"['tt0780504', 'tt1602613']",[]
Stephen Gaghan,['tt0365737'],[]
Vincenzo Natali,['tt0123755'],[]
Roger Kumble,['tt0139134'],[]
Alfred Hitchcock,"['tt0052357', 'tt0056869', 'tt0074512', 'tt0054215', 'tt0049470', 'tt0047396', 'tt0053125']",[]
Neil Jordan,"['tt0104036', 'tt0110148', 'tt0476964', 'tt0098625']",[]
David Wheatley,['tt0097806'],[]
Tom Hooper,"['tt1226271', 'tt1504320', 'tt1707386']",[]
Rick Bota,"['tt0337636', 'tt0274546']",[]
Michael Patrick Jann,['tt0157503'],[]
Baz Luhrmann,"['tt0117509', 'tt1343092']",[]
Rob Minkoff,"['tt0243585', 'tt0164912']",[]
Cirio H. Santiago,['tt0111300'],[]
Brad Bird,"['tt0129167', 'tt0317705', 'tt0382932']",[]
Paul Weitz,"['tt0385267', 'tt0450405', 'tt4270516', 'tt0163651']",[]
Doug Liman,"['tt0139239', 'tt0117802', 'tt0258463', 'tt0356910', 'tt0489099']",[]
Hal Needham,['tt0076729'],[]
Bill Condon,"['tt0120684', 'tt1837703']",[]
Wayne Wang,['tt0114478'],[]
 Paul Auster,['tt0114478'],[]
Rob Hedden,['tt0097388'],[]
Pierre Coffin,"['tt1690953', 'tt1323594']",[]
 Chris Renaud,"['tt1690953', 'tt1323594']",[]
Henry Selick,"['tt0327597', 'tt0107688', 'tt0166276']",[]
Justin Simien,['tt2235108'],[]
Dan Fogelman,['tt1772288'],[]
Richard C. Sarafian,['tt0067927'],[]
Peter Yates,['tt0078902'],[]
Paul Feig,['tt1478338'],[]
James Wan,"['tt0387564', 'tt2226417', 'tt1591095']",[]
Tim Pope,['tt0115986'],[]
Bernard Murray Jr.,['tt0418206'],[]
Lone Scherfig,"['tt2717860', 'tt1174732']",[]
Debbie Tucker Green,['tt2837296'],[]
Martin Campbell,"['tt1133985', 'tt1226273', 'tt0113189']",[]
E. Elias Merhige,"['tt0324127', 'tt0189998']",[]
Oren Moverman,"['tt0790712', 'tt1640548']",[]
Rupert Wyatt,"['tt2039393', 'tt1318514']",[]
James Ponsoldt,"['tt3416744', 'tt2063781', 'tt1714206']",[]
Marielle Heller,['tt3172532'],[]
Graham Annable,['tt0787474'],[]
 Anthony Stacchi,['tt0787474'],[]
Steve McQueen,"['tt1723811', 'tt2024544']",[]
John Singleton,['tt0101507'],[]
Neil Marshall,"['tt0435625', 'tt0483607']",[]
Kirk De Micco,['tt0481499'],[]
 Chris Sanders,"['tt0481499', 'tt0892769']",[]
Roland Emmerich,"['tt0116629', 'tt0187393', 'tt2334879', 'tt1521197', 'tt1190080']",[]
Justin Chadwick,['tt0467200'],[]
William Malone,['tt0185371'],[]
Richard Franklin,['tt0086154'],[]
Daniel Barnz,['tt3442006'],[]
Akiva Schaffer,['tt0787475'],[]
Scott P. Levy,['tt0116573'],[]
Peter Berg,"['tt0124198', 'tt0431197', 'tt1091191']",[]
Timur Bekmambetov,['tt0493464'],[]
Michael Spierig,['tt0433362'],[]
 Peter Spierig,['tt0433362'],[]
Andrew Dominik,"['tt0443680', 'tt1764234']",[]
Joss Whedon,"['tt0848228', 'tt0379786']",[]
John Erick Dowdle,['tt1781922'],[]
Peter Hewitt,['tt1107860'],[]
Zack Snyder,"['tt0416449', 'tt0409459']",[]
David Twohy,"['tt0276816', 'tt0134847', 'tt0971209', 'tt1411250']",[]
Russell Mulcahy,"['tt0102789', 'tt0091203']",[]
Franklin J. Schaffner,['tt0063442'],[]
David Wain,['tt1655460'],[]
Todd Holland,['tt0098663'],[]
Sydney Pollack,"['tt0079100', 'tt0068762', 'tt0073802', 'tt0073918', 'tt0084805']",[]
Tom McCarthy,"['tt1895587', 'tt0857191', 'tt1606392']",[]
Salim Akil,['tt1876451'],[]
Peter Chelsom,['tt0240890'],[]
Atom Egoyan,"['tt0120255', 'tt3704050']",[]
Chris Menges,['tt0144286'],[]
Pete Docter,"['tt1049413', 'tt2096673']",[]
 Bob Peterson,['tt1049413'],[]
John Sayles,"['tt0829193', 'tt0116905']",[]
Robert Redford,"['tt0119314', 'tt0110932', 'tt0081283', 'tt0891527']",[]
Steve Pink,"['tt1231587', 'tt1826590']",[]
Terry Zwigoff,"['tt0162346', 'tt0364955', 'tt0307987']",[]
Brad Furman,"['tt1189340', 'tt2364841']",[]
James Ivory,['tt0091867'],[]
Jay Lowi,['tt0448179'],[]
Chris Rock,"['tt2784678', 'tt0770772']",[]
Colin Higgins,['tt0080319'],[]
Martin McDonagh,"['tt1931533', 'tt0780536']",[]
Hugh Wilson,['tt0124298'],[]
John Lee Hancock,"['tt0878804', 'tt2140373']",[]
Sofia Coppola,"['tt2132285', 'tt0335266']",[]
Shekhar Kapur,"['tt0240510', 'tt0414055', 'tt0127536']",[]
Neal Sundstrom,['tt0301848'],[]
James Wong,"['tt0195714', 'tt0414982']",[]
Michael Ritchie,['tt0089155'],[]
Tom Ford,['tt1315981'],[]
John Gulager,['tt0426459'],[]
Lawrence Kasdan,"['tt0090022', 'tt0082089', 'tt0140397', 'tt0285531']",[]
Pedro Almodóvar,"['tt0913425', 'tt0287467']",[]
David M. Evans,['tt0108037'],[]
Fran Rubel Kuzui,['tt0103893'],[]
Christine Jeffs,['tt0862846'],[]
Francine McDougall,['tt0186589'],[]
Karyn Kusama,['tt1131734'],[]
 Loveleen Tandan,['tt1010048'],[]
Billy Bob Thornton,"['tt0117666', 'tt0149624']",[]
Debra Granik,['tt1399683'],[]
Alan Poul,['tt1212436'],[]
Daniel Mann,['tt0067991'],[]
Uli Edel,"['tt0106453', 'tt3733778']",[]
Mick Jackson,['tt0103855'],[]
Glenn Standring,['tt0403407'],[]
Stephen Chbosky,['tt1659337'],[]
H.C. Potter,['tt0040613'],[]
Griffin Dunne,['tt0120791'],[]
John Fortenberry,['tt0120770'],[]
 Amy Heckerling,['tt0120770'],[]
Sacha Gervasi,['tt0975645'],[]
Stephen C. Apostolof,['tt0054240'],[]
John Boorman,"['tt0093209', 'tt0068473']",[]
Olatunde Osunsanmi,"['tt1220198', 'tt1828970']",[]
Albert Brooks,"['tt0101698', 'tt0089504']",[]
David Slade,"['tt0389722', 'tt1325004']",[]
Camille Delamarre,['tt1430612'],[]
David Michôd,"['tt2345737', 'tt1313092']",[]
Denis Villeneuve,"['tt3397884', 'tt1392214']",[]
Sturla Gunnarsson,['tt0402057'],[]
Jim McBride,['tt0092654'],[]
Joseph L. Mankiewicz,['tt0045943'],[]
Mark A.Z. Dippé,['tt0120177'],[]
Christopher McQuarrie,"['tt0202677', 'tt0790724']",[]
Derek Cianfrance,"['tt1817273', 'tt1120985']",[]
Danny DeVito,"['tt0266489', 'tt0266452']",[]
Roberto Benigni,['tt0118799'],[]
Chris Renaud,['tt1482459'],[]
 Kyle Balda,['tt1482459'],[]
Richard Glatzer,['tt3316960'],[]
 Wash Westmoreland,['tt3316960'],[]
Alexandre Aja,"['tt0454841', 'tt1528071', 'tt0790686']",[]
Garth Jennings,['tt0371724'],[]
Tom Zuber,['tt0417907'],[]
Stephen Kay,['tt0208988'],[]
Aaron Schneider,['tt1194263'],[]
Jerry Zucker,['tt0099653'],[]
Martin Ritt,"['tt0069303', 'tt0079638']",[]
Jon Turteltaub,"['tt0963966', 'tt0368891', 'tt0465234']",[]
Jeremiah Cullinane,['tt0120174'],[]
Ted Demme,"['tt0123964', 'tt0221027', 'tt0110955']",[]
Stewart Hendler,['tt1232783'],[]
Marcus Dunstan,['tt1748227'],[]
John Woo,"['tt0119094', 'tt0115759', 'tt0120755']",[]
Stuart Baird,"['tt0116253', 'tt0253754']",[]
Amy Heckerling,"['tt0083929', 'tt0112697']",[]
Stephen Norrington,['tt0120611'],[]
Darren Lynn Bousman,['tt0890870'],[]
Ben Lewin,['tt1866249'],[]
Paul Greengrass,"['tt0440963', 'tt0372183', 'tt1535109', 'tt0947810']",[]
Marcel Langenegger,['tt0800240'],[]
Bill Duke,['tt0104073'],[]
Michael Cimino,['tt0077416'],[]
Chris Jones,['tt0108558'],[]
Drew Barrymore,['tt1172233'],[]
 Richard Stanley,['tt0116654'],[]
Edgar Wright,"['tt0425112', 'tt0365748', 'tt0446029']",[]
Dee Rees,['tt1233334'],[]
BJ McDonnell,['tt1870419'],[]
Chris Butler,['tt1623288'],[]
 Sam Fell,['tt1623288'],[]
Duncan Jones,"['tt1182345', 'tt0945513']",[]
Thomas Bezucha,['tt1067774'],[]
Jennifer Chambers Lynch,['tt0106471'],[]
Adrian Lyne,['tt0099871'],[]
Ben Affleck,"['tt1024648', 'tt0840361']",[]
Dwight H. Little,['tt0095271'],[]
Rick Rosenthal,"['tt0220506', 'tt0082495']",[]
Alex Cox,['tt0087995'],[]
Howard Deutch,"['tt0191397', 'tt0095253', 'tt0120773']",[]
Mike Mills,['tt1532503'],[]
Sean Anders,"['tt2170439', 'tt1528854']",[]
Chris Miller,['tt0413267'],[]
 Raman Hui,['tt0413267'],[]
Bernard Rose,['tt0103919'],[]
Kent Alterman,['tt0839980'],[]
Ingmar Bergman,['tt0050976'],[]
Bill Paxton,['tt0264616'],[]
Robert Schwentke,['tt0408790'],[]
Tyler Perry,['tt1405500'],[]
Juan Carlos Fresnadillo,['tt0463854'],[]
F. Gary Gray,"['tt1398426', 'tt0317740', 'tt1197624', 'tt0266465']",[]
David S. Goyer,['tt0359013'],[]
Ben Stiller,"['tt0115798', 'tt0359950', 'tt0942385']",[]
Saul Dibb,['tt0864761'],[]
Douglas McGrath,['tt0116191'],[]
Tony Goldwyn,['tt1244754'],[]
Stuart Rosenberg,['tt0061512'],[]
Breck Eisner,['tt0455407'],[]
Phil Alden Robinson,"['tt0097351', 'tt0105435']",[]
Barry Levinson,"['tt0120885', 'tt0094155', 'tt0120184', 'tt0083833']",[]
Scott Frank,['tt0427470'],[]
Jonathan Dayton,['tt0449059'],[]
 Valerie Faris,['tt0449059'],[]
Michael Anderson,['tt0074812'],[]
Todd Field,"['tt0404203', 'tt0247425']",[]
Michel Gondry,"['tt0219822', 'tt0338013']",[]
Ralph Fiennes,"['tt1372686', 'tt1700845']",[]
Zach Braff,"['tt0333766', 'tt2870708']",[]
Jim Kouf,['tt0118900'],[]
Armando Iannucci,['tt1226774'],[]
William Dieterle,['tt0022054'],[]
Jonathan Frakes,"['tt0117731', 'tt0120844', 'tt0167456']",[]
David Carson,['tt0111280'],[]
William Shatner,['tt0098382'],[]
Mark Robson,"['tt0037820', 'tt0036341', 'tt0041827']",[]
Ernest R. Dickerson,['tt0166110'],[]
George Armitage,['tt0119229'],[]
Destin Cretton,['tt2370248'],[]
Joe Chappelle,['tt0113253'],[]
Shawn Levy,['tt1279935'],[]
Jeff Arch,['tt0407680'],[]
Sean Penn,['tt0758758'],[]
Pat O'Connor,"['tt0119381', 'tt0230838']",[]
David Mackenzie,['tt2567712'],[]
Kevin Connor,['tt0081184'],[]
Bruce Beresford,['tt0086423'],[]
George Miller,"['tt0094332', 'tt0366548']",[]
Matthew Robbins,['tt0082288'],[]
Mike Newell,"['tt0119008', 'tt0330373', 'tt0473075']",[]
George Cukor,['tt0023686'],[]
Frank Coraci,"['tt0120888', 'tt0389860']",[]
Alejandro Amenábar,['tt0230600'],[]
Wolfgang Petersen,"['tt0114069', 'tt0332452', 'tt0118571', 'tt0107206']",[]
Mel Gibson,['tt0112573'],[]
Marcus Markou,['tt2006810'],[]
Matthew Vaughn,"['tt1250777', 'tt2802144']",[]
Kinka Usher,['tt0132347'],[]
Zev Berman,['tt0452592'],[]
James Cox,['tt0335563'],[]
Ricky Gervais,['tt1058017'],[]
 Matthew Robinson,['tt1058017'],[]
Nicholas Jarecki,['tt1764183'],[]
Peter Masterson,['tt0106303'],[]
Jim Henson,['tt0082474'],[]
Antony Hoffman,['tt0199753'],[]
Martha Coolidge,"['tt0089886', 'tt0102753']",[]
George P. Cosmatos,"['tt0089880', 'tt0097737', 'tt0108358']",[]
Tom Tykwer,['tt1371111'],[]
 Lana Wachowski,['tt1371111'],[]
Kevin Costner,"['tt0119925', 'tt0099348']",[]
Bryan Forbes,['tt0073747'],[]
James Gray,['tt0498399'],[]
Susan Montford,['tt0887971'],[]
Michael Curtiz,"['tt0047673', 'tt0024368']",[]
Akira Kurosawa,"['tt0047478', 'tt0080979']",[]
Jennifer Kent,['tt2321549'],[]
Adam Marcus,['tt0107254'],[]
Tom McLoughlin,['tt0091080'],[]
Mike Flanagan,['tt2388715'],[]
Robert Wise,"['tt0037549', 'tt0079945', 'tt0043456']",[]
Gregg Araki,['tt0112887'],[]
Jonathan Hensleigh,['tt0330793'],[]
Scott Cooper,['tt1263670'],[]
Florian Henckel von Donnersmarck,['tt1243957'],[]
Andrew Stanton,['tt0266543'],[]
 Lee Unkrich,['tt0266543'],[]
Robert B. Weide,['tt0455538'],[]
Dean DeBlois,"['tt1646971', 'tt0892769']",[]
Richard Attenborough,"['tt0083987', 'tt0103939']",[]
Leonard Nimoy,"['tt0092007', 'tt0088170', 'tt0094137']",[]
Steven R. Monroe,"['tt1242432', 'tt0486569']",[]
Glenn Ficarra,['tt1045772'],[]
 John Requa,['tt1045772'],[]
Jessie Nelson,['tt0277027'],[]
Rob Reiner,"['tt0092005', 'tt0098635', 'tt0093779', 'tt0104257', 'tt0112346', 'tt0825232', 'tt0100157']",[]
Philip Seymour Hoffman,['tt1278379'],[]
Gregory Jacobs,['tt0486051'],[]
Joe Alves,['tt0085750'],[]
John McNaughton,['tt0120890'],[]
Mathieu Kassovitz,['tt0348836'],[]
Sebastian Niemann,['tt0221928'],[]
Benson Lee,['tt1532958'],[]
W.S. Van Dyke,['tt0025878'],[]
Phyllida Lloyd,['tt1007029'],[]
Joan Chen,['tt0174480'],[]
David Dobkin,"['tt0396269', 'tt1872194', 'tt1488555']",[]
Irvin Kershner,['tt0080684'],[]
Bernardo Bertolucci,['tt0070849'],[]
Michael Hoffman,"['tt0824758', 'tt0425055']",[]
Mike Figgis,['tt0113627'],[]
John Cameron Mitchell,['tt0935075'],[]
Cheryl Dunye,['tt0118125'],[]
Lynne Ramsay,['tt1242460'],[]
Stephen Herek,['tt0108333'],[]
Tony Bancroft,['tt0120762'],[]
 Barry Cook,"['tt0120762', 'tt1430607']",[]
Janusz Kaminski,['tt0160484'],[]
Gillo Pontecorvo,['tt0058946'],[]
Michael Haneke,['tt1602620'],[]
Eric Darnell,['tt0120587'],[]
 Tim Johnson,['tt0120587'],[]
Scott Stewart,"['tt1038686', 'tt0822847']",[]
Marc Webb,['tt1022603'],[]
John Landis,"['tt0082010', 'tt0089346', 'tt0086465', 'tt0094898']",[]
Richard Stanley,['tt0099740'],[]
Jack Smight,['tt0060490'],[]
Jim Field Smith,['tt0815236'],[]
Daniel Attias,['tt0090021'],[]
Jean-Marc Vallée,"['tt2305051', 'tt0790636', 'tt0962736']",[]
Charles Shyer,"['tt0375173', 'tt0101862']",[]
Kevin Kangas,['tt0362636'],[]
Albert Magnoli,['tt0087957'],[]
Adam Wingard,"['tt2980592', 'tt1853739']",[]
Gregory Widen,['tt0114194'],[]
Anne Fletcher,['tt1041829'],[]
Alan Taylor,['tt1340138'],[]
Todd Strauss-Schulson,['tt2118624'],[]
Eli Roth,['tt2403021'],[]
Solomon Rothman,['tt1781782'],[]
Troy Duffy,"['tt1300851', 'tt0144117']",[]
Ben Younger,['tt0181984'],[]
Gore Verbinski,"['tt0325980', 'tt0383574', 'tt0449088', 'tt0384680', 'tt0298130']",[]
Robert D. Siegel,['tt1228953'],[]
Gunther von Fritsch,['tt0036733'],[]
 Robert Wise,['tt0036733'],[]
Joseph Ruben,['tt0098524'],[]
Dominique Othenin-Girard,['tt0097474'],[]
 Dwight H. Little,['tt0097474'],[]
Don Siegel,['tt0079116'],[]
Paul Michael Glaser,['tt0104040'],[]
Brad Peyton,['tt2126355'],[]
Josh Gordon,['tt0445934'],[]
 Will Speck,['tt0445934'],[]
Dan Rush,['tt1531663'],[]
Floria Sigismondi,['tt1017451'],[]
Victor Salva,['tt0301470'],[]
Joseph Sargent,['tt0093300'],[]
Jimmy Hayward,['tt1075747'],[]
Mark Romanek,['tt1334260'],[]
John Fawcett,['tt0210070'],[]
Ted Berman,['tt0088814'],[]
 Richard Rich,['tt0088814'],[]
Gary Shore,['tt0829150'],[]
Chris Weitz,['tt1259571'],[]
Nancy Meyers,"['tt1230414', 'tt0337741']",[]
Brett Leonard,['tt0114857'],[]
Charles Hage,['tt0831374'],[]
Jeffrey Scott Richards,['tt2416048'],[]
Josh Trank,['tt1706593'],[]
Jonathan Winfrey,['tt0112533'],[]
 Jan Pinkava,['tt0382932'],[]
Alison Eastwood,['tt0822849'],[]
Lorene Scafaria,['tt1307068'],[]
Simon Wells,['tt0268695'],[]
Tony Giglio,"['tt0857295', 'tt0402910']",[]
Dom DeLuise,['tt0079308'],[]
Milos Forman,"['tt0086879', 'tt0125664']",[]
Abel Ferrara,['tt0103759'],[]
Anand Tucker,['tt0338427'],[]
Randall Rubin,['tt0425151'],[]
 Jonathan Schroder,['tt0425151'],[]
Nick Cassavetes,['tt0251160'],[]
Ulu Grosbard,['tt0120646'],[]
Alan Cumming,['tt0254099'],[]
 Jennifer Jason Leigh,['tt0254099'],[]
Max Landis,['tt2507238'],[]
Daniel Waters,['tt0210094'],[]
Glen Morgan,['tt0454082'],[]
Susan Stroman,['tt0395251'],[]
David S. Ward,"['tt0107889', 'tt0097815']",[]
Adam Salky,['tt3640682'],[]
David Robert Mitchell,['tt3235888'],[]
Brett Haley,['tt3236120'],[]
Morten Tyldum,['tt2084970'],[]
Albert Pyun,['tt0196158'],[]
Timothy Woodward Jr.,['tt2219868'],[]
Emile Ardolino,['tt0105417'],[]
Otto Preminger,['tt0052561'],[]
Joe Pytka,['tt0117705'],[]
W.D. Richter,['tt0086856'],[]
Jim Abrahams,['tt0080339'],[]
 David Zucker,['tt0080339'],[]
 Jerry Zucker,['tt0080339'],[]
Alec Baldwin,['tt0263265'],[]
Richard J. Lewis,['tt1423894'],[]
Jerry Lewis,['tt0068451'],[]
Bryan Gordon,['tt0101545'],[]
Robert Stromberg,['tt1587310'],[]
Mike Gabriel,['tt0114148'],[]
 Eric Goldberg,['tt0114148'],[]
Jason Moore,['tt1981677'],[]
Roger Spottiswoode,"['tt0086510', 'tt0120347']",[]
Courtney Hunt,['tt0978759'],[]
Ryan Coogler,['tt2334649'],[]
Chris Buck,"['tt2294629', 'tt0120855']",[]
 Jennifer Lee,['tt2294629'],[]
Colin Trevorrow,['tt1862079'],[]
Albert Hughes,['tt1037705'],[]
 Allen Hughes,['tt1037705'],[]
Arthur Penn,['tt0061418'],[]
Mike Nawrocki,['tt0298388'],[]
 Phil Vischer,['tt0298388'],[]
Keenen Ivory Wayans,['tt0257106'],[]
Cody Cameron,['tt1985966'],[]
 Kris Pearn,['tt1985966'],[]
Baltasar Kormákur,['tt1272878'],[]
Sarah Smith,['tt1430607'],[]
Jon Avnet,"['tt0118055', 'tt0101921']",[]
John Maybury,['tt0366627'],[]
Jamie Blanks,['tt0146336'],[]
Giuseppe Tornatore,['tt0095765'],[]
Asghar Farhadi,['tt2404461'],[]
Kevin Bray,['tt0351977'],[]
Tomas Alfredson,['tt1340800'],[]
Charles Burnett,['tt0100791'],[]
Carl Schenkel,['tt0104627'],[]
David S. Cass Sr.,['tt0399281'],[]
Iain Softley,"['tt0272152', 'tt0113243']",[]
John Schlesinger,['tt0064665'],[]
Neal Israel,['tt0086927'],[]
Michelangelo Antonioni,['tt0053619'],[]
Jay Sandrich,['tt0081480'],[]
Jerry Rees,['tt0102411'],[]
Peter Webber,"['tt0335119', 'tt0367959']",[]
Luis Mandoki,['tt0225071'],[]
Chris Brinker,['tt2350892'],[]
Stephen King,['tt0091499'],[]
Scott Hicks,"['tt0252501', 'tt0120834']",[]
Jay Duplass,['tt1336617'],[]
 Mark Duplass,['tt1336617'],[]
Thomas Vinterberg,['tt2935476'],[]
Alex Garland,['tt0470752'],[]
Alan Ball,['tt0787523'],[]
Thomas Schlamme,['tt0108174'],[]
Matthew Harrison,['tt0108200'],[]
Steve Conrad,['tt0803057'],[]
Larysa Kondracki,['tt0896872'],[]
Nima Nourizadeh,['tt3316948'],[]
Graham Baker,['tt0094631'],[]
Ken Finkleman,['tt0083530'],[]
John Cassavetes,['tt0080798'],[]
Joon-ho Bong,['tt1706620'],[]
Jim Sheridan,['tt0765010'],[]
Rob Green,['tt0252963'],[]
Catherine Hardwicke,"['tt1099212', 'tt1486185']",[]
Ryûhei Kitamura,['tt1763264'],[]
Sean S. Cunningham,['tt0080761'],[]
Craig Gillespie,['tt1438176'],[]
Walt Becker,['tt0486946'],[]
Kelly Makin,['tt0116768'],[]
John Krokidas,['tt1311071'],[]
Carol Reed,['tt0041959'],[]
David Zucker,['tt0102510'],[]
 Warren Coleman,['tt0366548'],[]
 Judy Morris,['tt0366548'],[]
Herbert J. Biberman,['tt0047443'],[]
Takashi Shimizu,['tt0391198'],[]
Benjamin Stoloff,['tt0025905'],[]
Lee Unkrich,['tt0435761'],[]
Bonnie Hunt,['tt0122459'],[]
Kevin Billington,['tt0066302'],[]
Barry W. Blaustein,['tt0267891'],[]
Robert De Niro,['tt0343737'],[]
 Kevin Jarre,['tt0108358'],[]
James Isaac,['tt0211443'],[]
Adam Bonfanti,['tt0479942'],[]
Massy Tadjedin,['tt1294688'],[]
Paul McGuigan,"['tt0465580', 'tt0425210']",[]
Andrew Jones,['tt2216212'],[]
Shari Springer Berman,['tt0305206'],[]
 Robert Pulcini,['tt0305206'],[]
Christophe Gans,['tt0384537'],[]
Michael Rymer,['tt0238546'],[]
Eugenio Zanetti,['tt0239860'],[]
Isabel Coixet,['tt3062976'],[]
Steven Knight,['tt2692904'],[]
Ira Sachs,['tt2639344'],[]
Bill Forsyth,"['tt0106379', 'tt0085859']",[]
Richard Marquand,['tt0086190'],[]
Michael Cuesta,['tt0417385'],[]
Gil Junger,['tt0147800'],[]
 Kevin Lima,['tt0120855'],[]
Fraser C. Heston,['tt0107665'],[]
Toby Wilkins,['tt1031280'],[]
Hugh Johnson,['tt0163579'],[]
Raymond De Felitta,['tt1174730'],[]
Henry Hathaway,['tt0040202'],[]
Leon Ichaso,['tt0458522'],[]
Bob Fosse,['tt0068327'],[]
Ronny Yu,['tt0329101'],[]
Martin Curland,['tt0421090'],[]
Benh Zeitlin,['tt2125435'],[]
Rodrigo García,['tt1121977'],[]
Peter Farrelly,['tt0109686'],[]
 Bobby Farrelly,['tt0109686'],[]
Steve Kloves,['tt0097322'],[]
Gideon Raff,['tt1015474'],[]
Lulu Jarmen,['tt1034010'],[]
Jeremy Haft,['tt0401815'],[]
Eric Valette,['tt0479968'],[]
Andrew Fleming,['tt0115963'],[]
Danny Leiner,['tt0366551'],[]
Bruce Malmuth,['tt0099739'],[]
Mikael Salomon,['tt0120696'],[]
Damian Harris,['tt0101694'],[]
Ben Palmer,['tt3064298'],[]
Steven Brill,['tt0185431'],[]
Tom DiCillo,['tt0113677'],[]
Richard Eyre,['tt0086122'],[]
Roger Allers,['tt0110357'],[]
 Rob Minkoff,['tt0110357'],[]
Seth MacFarlane,['tt1637725'],[]
Bruce Robinson,['tt0104549'],[]
Nick Guthe,['tt0425253'],[]
 Allan Dwan,['tt0022626'],[]
 Roy William Neill,['tt0022626'],[]
Benjamin Ross,['tt0120801'],[]
Les Mayfield,['tt0244000'],[]
 Chris Weitz,['tt0163651'],[]
Peter Ramsey,['tt1446192'],[]
Mary Harron,['tt0144084'],[]
John Patrick Shanley,['tt0918927'],[]
Ethan Maniquis,['tt0985694'],[]
Gina Prince-Bythewood,['tt0199725'],[]
Drew Goddard,['tt1259521'],[]
Stephen Daldry,['tt0976051'],[]
Kenny Ortega,['tt0104990'],[]
Rupert Sanders,['tt1735898'],[]
Dennie Gordon,['tt0363282'],[]
 Ronnie Del Carmen,['tt2096673'],[]
Maya Forbes,['tt1969062'],[]
John Sturges,['tt0047849'],[]
 Mike de Seve,['tt0115641'],[]
 Brian Mulroney,['tt0115641'],[]
 Yvette Kaplan,['tt0115641'],[]
Michael J. Bassett,['tt0970452'],[]
Bruce A. Evans,['tt0780571'],[]
Kunihiko Yuyama,['tt0190641'],[]
 Michael Haigney,['tt0190641'],[]
Clyde Geronimi,['tt0053285'],[]
Franck Khalfoun,['tt0804516'],[]
Daniel Barber,['tt2488778'],[]
Jonathan Kaplan,['tt0105699'],[]
Chris Fisher,['tt1231277'],[]
S. Craig Zahler,['tt2494362'],[]
Rob Bowman,['tt0120902'],[]
Lewis Teague,['tt0085382'],[]
Robert Rossen,['tt0054997'],[]
Allen Coulter,['tt1403981'],[]
Sidney Lanfield,['tt0040835'],[]
